DepMap ID,"KLF5 Gene Effect (Chronos) CRISPR (DepMap Public 22Q4+Score, Chronos)",filter,Cell Line Name,Primary Disease, Custom cell line group,Lineage
ACH-000004,0.041360442,1,HEL,Acute Myeloid Leukemia,out group,Myeloid
ACH-000005,-0.198389588,1,HEL9217,Acute Myeloid Leukemia,out group,Myeloid
ACH-000007,-1.626483504,1,LS513,Colorectal Adenocarcinoma,in group,Bowel
ACH-000009,-0.734819323,1,C2BBE1,Colorectal Adenocarcinoma,in group,Bowel
ACH-000011,-0.295508506,1,253J,Bladder Urothelial Carcinoma,out group,Bladder/Urinary Tract
ACH-000012,-0.391130442,1,HCC827,Non-Small Cell Lung Cancer,out group,Lung
ACH-000013,-0.504295328,1,ONCODG1,Ovarian Epithelial Tumor,out group,Ovary/Fallopian Tube
ACH-000014,-0.410045485,1,HS294T,Melanoma,out group,Skin
ACH-000015,-0.03837039,1,NCIH1581,Non-Small Cell Lung Cancer,out group,Lung
ACH-000017,-0.247287628,1,SKBR3,Invasive Breast Carcinoma,out group,Breast
ACH-000018,-0.53501986,1,T24,Bladder Urothelial Carcinoma,out group,Bladder/Urinary Tract
ACH-000019,-0.262041835,1,MCF7,Invasive Breast Carcinoma,out group,Breast
ACH-000021,-0.741776916,1,NCIH1693,Non-Small Cell Lung Cancer,out group,Lung
ACH-000022,-0.558864214,1,PATU8988S,Pancreatic Adenocarcinoma,out group,Pancreas
ACH-000024,-0.105786374,1,OPM2,Non-Hodgkin Lymphoma,out group,Lymphoid
ACH-000025,-0.056356405,1,CH157MN,Meningothelial Tumor,out group,CNS/Brain
ACH-000028,-0.067578449,1,KPL1,Invasive Breast Carcinoma,out group,Breast
ACH-000029,-0.3801724,1,HCC827GR5,Non-Small Cell Lung Cancer,out group,Lung
ACH-000030,-0.261034664,1,PC14,Non-Small Cell Lung Cancer,out group,Lung
ACH-000035,-0.147043611,1,NCIH1650,Non-Small Cell Lung Cancer,out group,Lung
ACH-000036,-0.021093891,1,U343,Diffuse Glioma,out group,CNS/Brain
ACH-000037,-0.267150292,1,S117,"Sarcoma, NOS",out group,Soft Tissue
ACH-000039,0.004171709,1,SKNMC,Ewing Sarcoma,out group,Bone
ACH-000040,-0.098339066,1,U118MG,Diffuse Glioma,out group,CNS/Brain
ACH-000041,-0.139314514,1,RDES,Ewing Sarcoma,out group,Bone
ACH-000042,-1.109980448,1,PANC0203,Pancreatic Adenocarcinoma,out group,Pancreas
ACH-000045,-0.166223643,1,MV411,Acute Myeloid Leukemia,out group,Myeloid
ACH-000047,-0.399194314,1,GCIY,Esophagogastric Adenocarcinoma,out group,Esophagus/Stomach
ACH-000048,-0.152372276,1,TOV112D,Ovarian Epithelial Tumor,out group,Ovary/Fallopian Tube
ACH-000052,-0.386808864,1,A673,Ewing Sarcoma,out group,Bone
ACH-000053,-0.116560736,1,KARPAS299,Non-Hodgkin Lymphoma,out group,Lymphoid
ACH-000054,-0.278701309,1,HT1080,Fibrosarcoma,out group,Soft Tissue
ACH-000055,0.281604069,1,D283MED,Embryonal Tumor,out group,CNS/Brain
ACH-000060,-0.083425725,1,PANC1005,Pancreatic Adenocarcinoma,out group,Pancreas
ACH-000067,-0.186734,1,HS683,Diffuse Glioma,out group,CNS/Brain
ACH-000070,-0.176451921,1,697,B-Lymphoblastic Leukemia/Lymphoma,out group,Lymphoid
ACH-000074,-0.028973092,1,KU812,Myeloproliferative Neoplasms,out group,Myeloid
ACH-000075,-0.16841361,1,U87MG,Diffuse Glioma,out group,CNS/Brain
ACH-000076,-0.483696555,1,NCO2,Myeloproliferative Neoplasms,out group,Myeloid
ACH-000077,-0.109989755,1,MJ,Non-Hodgkin Lymphoma,out group,Lymphoid
ACH-000078,-0.349018909,1,MHHNB11,Neuroblastoma,out group,Peripheral Nervous System
ACH-000082,-0.094647569,1,G292CLONEA141B1,Osteosarcoma,out group,Bone
ACH-000085,-1.038570789,1,T3M4,Pancreatic Adenocarcinoma,out group,Pancreas
ACH-000086,-0.300173892,1,ACCMESO1,Pleural Mesothelioma,out group,Pleura
ACH-000087,-0.012798287,1,SKES1,Ewing Sarcoma,out group,Bone
ACH-000090,-0.288559555,1,PC3,Prostate Adenocarcinoma,out group,Prostate
ACH-000092,-0.164256058,1,NCIH2452,Pleural Mesothelioma,out group,Pleura
ACH-000093,-1.036058789,1,PANC0504,Pancreatic Adenocarcinoma,out group,Pancreas
ACH-000095,-0.205110487,1,D341Med,Embryonal Tumor,out group,CNS/Brain
ACH-000097,-0.093683073,1,ZR751,Invasive Breast Carcinoma,out group,Breast
ACH-000098,-0.103608747,1,GAMG,Diffuse Glioma,out group,CNS/Brain
ACH-000099,-0.138642151,1,SIMA,Neuroblastoma,out group,Peripheral Nervous System
ACH-000101,-0.154791352,1,KE37,Non-Hodgkin Lymphoma,out group,Lymphoid
ACH-000108,-0.727444794,1,KP3,Adenosquamous Carcinoma of the Pancreas,out group,Pancreas
ACH-000111,-0.157540286,1,HCC1187,Invasive Breast Carcinoma,out group,Breast
ACH-000113,-0.151686786,1,OCIAML2,Acute Myeloid Leukemia,out group,Myeloid
ACH-000114,-0.410385757,1,SU8686,Pancreatic Adenocarcinoma,out group,Pancreas
ACH-000115,-0.194312954,1,VCAP,Prostate Adenocarcinoma,out group,Prostate
ACH-000118,-0.182472214,1,HUPT3,Pancreatic Adenocarcinoma,out group,Pancreas
ACH-000120,-0.363329525,1,CHP212,Neuroblastoma,out group,Peripheral Nervous System
ACH-000123,-0.222601943,1,COV434,Ovarian Epithelial Tumor,out group,Ovary/Fallopian Tube
ACH-000127,-0.165067575,1,SLR20,Bladder Urothelial Carcinoma,out group,Bladder/Urinary Tract
ACH-000128,-0.415997033,1,LN319,Diffuse Glioma,out group,CNS/Brain
ACH-000132,-0.551034215,1,JHOS2,Ovarian Epithelial Tumor,out group,Ovary/Fallopian Tube
ACH-000133,-0.096154089,1,HS729,Rhabdomyosarcoma,out group,Soft Tissue
ACH-000137,0.014845901,1,8MGBA,Diffuse Glioma,out group,CNS/Brain
ACH-000138,0.217055199,1,CFPAC1,Pancreatic Adenocarcinoma,out group,Pancreas
ACH-000141,-0.943605103,1,SNU308,Intracholecystic Papillary Neoplasm,out group,Biliary Tract
ACH-000142,-0.741574598,1,CAL29,Bladder Urothelial Carcinoma,out group,Bladder/Urinary Tract
ACH-000143,-0.552698482,1,HCC2429,Non-Small Cell Lung Cancer,out group,Lung
ACH-000145,-0.224828796,1,SKLMS1,Leiomyosarcoma,out group,Soft Tissue
ACH-000146,-0.195576537,1,THP1,Acute Myeloid Leukemia,out group,Myeloid
ACH-000147,-0.178809178,1,T47D,Invasive Breast Carcinoma,out group,Breast
ACH-000148,-0.096150389,1,HS578T,Invasive Breast Carcinoma,out group,Breast
ACH-000150,-0.104874274,1,HCC2935,Non-Small Cell Lung Cancer,out group,Lung
ACH-000151,-0.110713042,1,JM1,B-Lymphoblastic Leukemia/Lymphoma,out group,Lymphoid
ACH-000152,-0.258849724,1,M059K,Diffuse Glioma,out group,CNS/Brain
ACH-000153,-0.382461104,1,NCIH2052,Pleural Mesothelioma,out group,Pleura
ACH-000159,-0.353340084,1,OSRC2,Renal Cell Carcinoma,out group,Kidney
ACH-000160,-0.145844786,1,BT12,Embryonal Tumor,out group,CNS/Brain
ACH-000161,-0.456788658,1,CORL105,Non-Small Cell Lung Cancer,out group,Lung
ACH-000163,-0.159970743,1,SW579,Head and Neck Squamous Cell Carcinoma,out group,Head and Neck
ACH-000164,-0.107558837,1,PANC1,Pancreatic Adenocarcinoma,out group,Pancreas
ACH-000168,-0.248064902,1,NOMO1,Acute Myeloid Leukemia,out group,Myeloid
ACH-000169,-0.089605792,1,RD,Rhabdomyosarcoma,out group,Soft Tissue
ACH-000174,-0.045742856,1,CAL62,Anaplastic Thyroid Cancer,out group,Thyroid
ACH-000178,-1.230556961,1,HS766T,Pancreatic Adenocarcinoma,out group,Pancreas
ACH-000182,-0.218121748,1,SNU869,Ampullary Carcinoma,out group,Ampulla of Vater
ACH-000183,-0.070376343,1,L363,Non-Hodgkin Lymphoma,out group,Lymphoid
ACH-000187,-0.263516168,1,CORL311,Lung Neuroendocrine Tumor,out group,Lung
ACH-000188,-0.579957702,1,SCC25,Head and Neck Squamous Cell Carcinoma,out group,Head and Neck
ACH-000189,-0.03249494,1,RCC10RGB,Renal Cell Carcinoma,out group,Kidney
ACH-000190,-0.181649254,1,HDMYZ,Acute Myeloid Leukemia,out group,Myeloid
ACH-000191,-0.01813527,1,BHT101,Anaplastic Thyroid Cancer,out group,Thyroid
ACH-000195,-0.178357524,1,SET2,Acute Myeloid Leukemia,out group,Myeloid
ACH-000198,-0.129335218,1,EOL1,Myeloproliferative Neoplasms,out group,Myeloid
ACH-000200,-0.134904801,1,NMCG1,Diffuse Glioma,out group,CNS/Brain
ACH-000202,-0.567205217,1,COLO320,Colorectal Adenocarcinoma,in group,Bowel
ACH-000204,0.023826878,1,LP1,Non-Hodgkin Lymphoma,out group,Lymphoid
ACH-000206,-0.111712651,1,C8166,T-Lymphoblastic Leukemia/Lymphoma,out group,Lymphoid
ACH-000207,-0.43733437,1,DETROIT562,Head and Neck Squamous Cell Carcinoma,out group,Head and Neck
ACH-000209,-0.208364278,1,SNU1079,Intraductal Papillary Neoplasm of the Bile Duct,out group,Biliary Tract
ACH-000211,-0.120578228,1,DAOY,Embryonal Tumor,out group,CNS/Brain
ACH-000212,-0.481483436,1,CAL120,Invasive Breast Carcinoma,out group,Breast
ACH-000215,-0.102960111,1,LN382,Diffuse Glioma,out group,CNS/Brain
ACH-000216,-0.299433507,1,JHESOAD1,Esophagogastric Adenocarcinoma,out group,Esophagus/Stomach
ACH-000217,-0.04639022,1,JHH6,Hepatocellular Carcinoma,out group,Liver
ACH-000219,-0.034264685,1,A375,Melanoma,out group,Skin
ACH-000221,-0.095506155,1,SNU398,Hepatocellular Carcinoma,out group,Liver
ACH-000222,-1.519467077,1,ASPC1,Pancreatic Adenocarcinoma,out group,Pancreas
ACH-000223,-0.089296644,1,HCC1937,Invasive Breast Carcinoma,out group,Breast
ACH-000226,-0.106763631,1,SUPM2,Non-Hodgkin Lymphoma,out group,Lymphoid
ACH-000227,-0.130347798,1,KPNYN,Neuroblastoma,out group,Peripheral Nervous System
ACH-000228,-0.577571808,1,BICR31,Head and Neck Squamous Cell Carcinoma,out group,Head and Neck
ACH-000231,-0.344652178,1,KALS1,Diffuse Glioma,out group,CNS/Brain
ACH-000232,-0.165386925,1,U251MG,Diffuse Glioma,out group,CNS/Brain
ACH-000233,-0.166997034,1,DEL,Non-Hodgkin Lymphoma,out group,Lymphoid
ACH-000234,-0.396723166,1,CAKI2,Renal Cell Carcinoma,out group,Kidney
ACH-000235,-0.643392572,1,PANC0403,Pancreatic Adenocarcinoma,out group,Pancreas
ACH-000237,-0.321060626,1,JHOM1,Ovarian Epithelial Tumor,out group,Ovary/Fallopian Tube
ACH-000238,-0.962286095,1,SCC4,Head and Neck Squamous Cell Carcinoma,out group,Head and Neck
ACH-000243,-0.360611838,1,DANG,Pancreatic Adenocarcinoma,out group,Pancreas
ACH-000244,-0.222962859,1,DKMG,Diffuse Glioma,out group,CNS/Brain
ACH-000246,-0.088859084,1,SLR23,Renal Cell Carcinoma,out group,Kidney
ACH-000247,-1.64867454,1,OCUM1,Esophagogastric Adenocarcinoma,out group,Esophagus/Stomach
ACH-000248,-0.191185038,1,AU565,Invasive Breast Carcinoma,out group,Breast
ACH-000250,-0.089929644,1,KMRC20,Renal Cell Carcinoma,out group,Kidney
ACH-000251,-0.363082317,1,NCIH2887,Non-Small Cell Lung Cancer,out group,Lung
ACH-000252,-0.833858115,1,LS1034,Colorectal Adenocarcinoma,in group,Bowel
ACH-000253,-1.122838914,1,COLO201,Colorectal Adenocarcinoma,in group,Bowel
ACH-000255,-0.158032967,1,LMSU,Esophagogastric Adenocarcinoma,out group,Esophagus/Stomach
ACH-000256,-0.752905451,1,COV318,Ovarian Epithelial Tumor,out group,Ovary/Fallopian Tube
ACH-000257,-0.317144965,1,CORL279,Lung Neuroendocrine Tumor,out group,Lung
ACH-000258,-0.324433348,1,DU4475,Invasive Breast Carcinoma,out group,Breast
ACH-000259,-0.384091321,1,KELLY,Neuroblastoma,out group,Peripheral Nervous System
ACH-000260,-0.152738631,1,SKNAS,Neuroblastoma,out group,Peripheral Nervous System
ACH-000261,-0.192045451,1,RERFLCAI,Non-Small Cell Lung Cancer,out group,Lung
ACH-000262,-0.144838341,1,UOK101,Renal Cell Carcinoma,out group,Kidney
ACH-000263,-0.268735171,1,KASUMI1,Acute Myeloid Leukemia,out group,Myeloid
ACH-000264,-0.142883685,1,CALU6,Non-Small Cell Lung Cancer,out group,Lung
ACH-000265,-0.186207072,1,KP4,Pancreatic Adenocarcinoma,out group,Pancreas
ACH-000266,-0.674250562,1,SNU213,Pancreatic Adenocarcinoma,out group,Pancreas
ACH-000272,-0.212012844,1,SLR24,Renal Cell Carcinoma,out group,Kidney
ACH-000273,-0.12677116,1,SF539,Diffuse Glioma,out group,CNS/Brain
ACH-000274,-0.228494578,1,HS852T,Melanoma,out group,Skin
ACH-000276,-0.21084285,1,HCC38,Invasive Breast Carcinoma,out group,Breast
ACH-000277,0.146869875,1,HCC1419,Invasive Breast Carcinoma,out group,Breast
ACH-000278,-0.118700537,1,COV362,Ovarian Epithelial Tumor,out group,Ovary/Fallopian Tube
ACH-000279,-0.174604303,1,EWS502,Ewing Sarcoma,out group,Bone
ACH-000280,-0.932297504,1,SNU840,Ovarian Epithelial Tumor,out group,Ovary/Fallopian Tube
ACH-000281,-0.2994321,1,KP2,Pancreatic Adenocarcinoma,out group,Pancreas
ACH-000286,-0.587703085,1,SNU1033,Colorectal Adenocarcinoma,in group,Bowel
ACH-000288,-0.161748154,1,BT549,Invasive Breast Carcinoma,out group,Breast
ACH-000290,-0.229478298,1,NCIH209,Lung Neuroendocrine Tumor,out group,Lung
ACH-000291,-1.459160317,1,OV90,Ovarian Epithelial Tumor,out group,Ovary/Fallopian Tube
ACH-000292,-0.262019447,1,NCIH841,Lung Neuroendocrine Tumor,out group,Lung
ACH-000293,-0.202057332,1,KLE,Endometrial Carcinoma,out group,Uterus
ACH-000294,-0.083440665,1,NB4,Acute Myeloid Leukemia,out group,Myeloid
ACH-000295,-0.209077016,1,EM2,Myeloproliferative Neoplasms,out group,Myeloid
ACH-000296,-0.440515373,1,OUMS23,Colorectal Adenocarcinoma,in group,Bowel
ACH-000302,-0.162328424,1,SNU1077,Endometrial Carcinoma,out group,Uterus
ACH-000303,0.051377996,1,SNU5,Esophagogastric Adenocarcinoma,out group,Esophagus/Stomach
ACH-000304,-0.146573361,1,WM115,Melanoma,out group,Skin
ACH-000305,-0.421527435,1,ECGI10,Esophageal Squamous Cell Carcinoma,out group,Esophagus/Stomach
ACH-000307,-0.441747995,1,PK1,Pancreatic Adenocarcinoma,out group,Pancreas
ACH-000308,-0.740320363,1,EFO21,Ovarian Epithelial Tumor,out group,Ovary/Fallopian Tube
ACH-000310,-0.247913462,1,IMR32,Neuroblastoma,out group,Peripheral Nervous System
ACH-000311,-0.928034503,1,NCIH2122,Non-Small Cell Lung Cancer,out group,Lung
ACH-000312,-0.293401227,1,SKNBE2,Neuroblastoma,out group,Peripheral Nervous System
ACH-000313,-0.347618969,1,KMRC3,Renal Cell Carcinoma,out group,Kidney
ACH-000315,-0.415488851,1,KARPAS422,Non-Hodgkin Lymphoma,out group,Lymphoid
ACH-000316,-0.128842709,1,SNU886,Hepatocellular Carcinoma,out group,Liver
ACH-000317,-0.13602389,1,TUHR14TKB,Renal Cell Carcinoma,out group,Kidney
ACH-000318,-0.683646116,1,TE10,Esophageal Squamous Cell Carcinoma,out group,Esophagus/Stomach
ACH-000319,-0.145112878,1,MPP89,Pleural Mesothelioma,out group,Pleura
ACH-000320,-0.284472204,1,PSN1,Pancreatic Adenocarcinoma,out group,Pancreas
ACH-000322,-0.146867836,1,HT144,Melanoma,out group,Skin
ACH-000323,-0.202775435,1,42MGBA,Diffuse Glioma,out group,CNS/Brain
ACH-000324,-0.141593981,1,JHOC5,Ovarian Epithelial Tumor,out group,Ovary/Fallopian Tube
ACH-000325,-0.563676494,1,SNU620,Esophagogastric Adenocarcinoma,out group,Esophagus/Stomach
ACH-000326,-0.042640042,1,JURLMK1,Myeloproliferative Neoplasms,out group,Myeloid
ACH-000329,-0.093584641,1,CCFSTTG1,Diffuse Glioma,out group,CNS/Brain
ACH-000330,-0.151886683,1,EFM19,Invasive Breast Carcinoma,out group,Breast
ACH-000331,-0.136795456,1,ISTMES2,Pleural Mesothelioma,out group,Pleura
ACH-000332,0.007046874,1,YAPC,Pancreatic Adenocarcinoma,out group,Pancreas
ACH-000334,-0.157993893,1,DB,Non-Hodgkin Lymphoma,out group,Lymphoid
ACH-000335,-0.150915117,1,MSTO211H,Pleural Mesothelioma,out group,Pleura
ACH-000336,-0.234575675,1,OCIAML3,Acute Myeloid Leukemia,out group,Myeloid
ACH-000337,-0.224360393,1,NCIH3122,Non-Small Cell Lung Cancer,out group,Lung
ACH-000339,0.024798421,1,HCC461,Non-Small Cell Lung Cancer,out group,Lung
ACH-000341,-0.043466469,1,SKNFI,Neuroblastoma,out group,Peripheral Nervous System
ACH-000343,-0.311489215,1,NCIH522,Non-Small Cell Lung Cancer,out group,Lung
ACH-000344,-1.356139739,1,SNU668,Esophagogastric Adenocarcinoma,out group,Esophagus/Stomach
ACH-000346,-0.247163502,1,JVM3,Non-Hodgkin Lymphoma,out group,Lymphoid
ACH-000348,-0.285973995,1,RPMI7951,Melanoma,out group,Skin
ACH-000350,-1.198388184,1,COLO678,Colorectal Adenocarcinoma,in group,Bowel
ACH-000352,-0.055875008,1,HCC1428,Invasive Breast Carcinoma,out group,Breast
ACH-000355,-0.173130291,1,NCIH82,Lung Neuroendocrine Tumor,out group,Lung
ACH-000356,-0.570138669,1,MKN45,Esophagogastric Adenocarcinoma,out group,Esophagus/Stomach
ACH-000359,-0.133098046,1,MG63,Osteosarcoma,out group,Bone
ACH-000361,-0.137389223,1,SKHEP1,Hepatocellular Carcinoma,out group,Liver
ACH-000362,-0.279090917,1,MOLM13,Acute Myeloid Leukemia,out group,Myeloid
ACH-000363,-0.223362205,1,SKMM2,Non-Hodgkin Lymphoma,out group,Lymphoid
ACH-000364,-0.005282497,1,U2OS,Osteosarcoma,out group,Bone
ACH-000365,-0.109071487,1,SUDHL4,Non-Hodgkin Lymphoma,out group,Lymphoid
ACH-000366,-0.158744147,1,SKNDZ,Neuroblastoma,out group,Peripheral Nervous System
ACH-000368,-0.147522727,1,SNU1105,Diffuse Glioma,out group,CNS/Brain
ACH-000370,-0.17498724,1,SNU626,Diffuse Glioma,out group,CNS/Brain
ACH-000371,-0.247607177,1,RL,Non-Hodgkin Lymphoma,out group,Lymphoid
ACH-000374,-0.491599061,1,HCC1143,Invasive Breast Carcinoma,out group,Breast
ACH-000375,-0.079149794,1,G402,Renal Cell Carcinoma,out group,Kidney
ACH-000376,-0.153848059,1,SF295,Diffuse Glioma,out group,CNS/Brain
ACH-000377,0.107230073,1,SNU478,Ampullary Carcinoma,out group,Ampulla of Vater
ACH-000378,-0.349531926,1,NCIH647,Non-Small Cell Lung Cancer,out group,Lung
ACH-000381,-1.028484681,1,T84,Colorectal Adenocarcinoma,in group,Bowel
ACH-000383,-0.681646745,1,OE33,Esophagogastric Adenocarcinoma,out group,Esophagus/Stomach
ACH-000385,0.010824616,1,SKRC20,Renal Cell Carcinoma,out group,Kidney
ACH-000387,-0.247498121,1,TF1,Acute Myeloid Leukemia,out group,Myeloid
ACH-000389,-0.319271045,1,H4,Diffuse Glioma,out group,CNS/Brain
ACH-000390,-0.373337657,1,LUDLU1,Non-Small Cell Lung Cancer,out group,Lung
ACH-000391,-0.091406253,1,MHHES1,Ewing Sarcoma,out group,Bone
ACH-000393,-0.086837476,1,HLF,Hepatocellular Carcinoma,out group,Liver
ACH-000395,-0.693773396,1,NCIH520,Non-Small Cell Lung Cancer,out group,Lung
ACH-000396,-0.568917018,1,J82,Bladder Urothelial Carcinoma,out group,Bladder/Urinary Tract
ACH-000397,-0.479070832,1,TEN,Endometrial Carcinoma,out group,Uterus
ACH-000398,-0.278965464,1,RI1,Non-Hodgkin Lymphoma,out group,Lymphoid
ACH-000401,-0.385793753,1,COLO800,Melanoma,out group,Skin
ACH-000402,-0.131580878,1,BL70,Non-Hodgkin Lymphoma,out group,Lymphoid
ACH-000403,-0.327545156,1,NCIH747,Colorectal Adenocarcinoma,in group,Bowel
ACH-000404,0.014696509,1,K029AX,Melanoma,out group,Skin
ACH-000405,-0.04922195,1,MEC1,Non-Hodgkin Lymphoma,out group,Lymphoid
ACH-000406,-0.060149878,1,U937,Acute Myeloid Leukemia,out group,Myeloid
ACH-000407,-0.139904795,1,SNU685,Endometrial Carcinoma,out group,Uterus
ACH-000408,-0.342647279,1,TE5,Esophageal Squamous Cell Carcinoma,out group,Esophagus/Stomach
ACH-000410,-0.193290906,1,SAOS2,Osteosarcoma,out group,Bone
ACH-000411,-0.292401882,1,769P,Renal Cell Carcinoma,out group,Kidney
ACH-000414,-1.159131342,1,NCIH1944,Non-Small Cell Lung Cancer,out group,Lung
ACH-000415,-0.918690347,1,BICR6,Head and Neck Squamous Cell Carcinoma,out group,Head and Neck
ACH-000416,-0.174330249,1,NCIH838,Non-Small Cell Lung Cancer,out group,Lung
ACH-000417,-0.519522234,1,PANC0813,Pancreatic Adenocarcinoma,out group,Pancreas
ACH-000420,-0.080737925,1,SNU449,Hepatocellular Carcinoma,out group,Liver
ACH-000421,-0.772479982,1,SW837,Colorectal Adenocarcinoma,in group,Bowel
ACH-000422,-0.263846401,1,SNU475,Hepatocellular Carcinoma,out group,Liver
ACH-000424,-0.067622655,1,TC71,Ewing Sarcoma,out group,Bone
ACH-000425,-0.168895668,1,UACC62,Melanoma,out group,Skin
ACH-000426,-0.070440911,1,KMS20,Non-Hodgkin Lymphoma,out group,Lymphoid
ACH-000427,-0.865899143,1,NCIN87,Esophagogastric Adenocarcinoma,out group,Esophagus/Stomach
ACH-000431,-0.236921773,1,NCIH1694,Lung Neuroendocrine Tumor,out group,Lung
ACH-000433,-0.015633996,1,CAKI1,Renal Cell Carcinoma,out group,Kidney
ACH-000434,-0.251026591,1,NCIH1915,Non-Small Cell Lung Cancer,out group,Lung
ACH-000435,-0.729306957,1,EFE184,Endometrial Carcinoma,out group,Uterus
ACH-000436,-0.115245416,1,OCIMY7,Non-Hodgkin Lymphoma,out group,Lymphoid
ACH-000437,-0.075297317,1,SW1088,Diffuse Glioma,out group,CNS/Brain
ACH-000438,-0.650759166,1,LU65,Non-Small Cell Lung Cancer,out group,Lung
ACH-000441,-0.018238704,1,SH4,Melanoma,out group,Skin
ACH-000444,-0.039680017,1,LU99,Non-Small Cell Lung Cancer,out group,Lung
ACH-000445,-0.398766073,1,KNS60,Diffuse Glioma,out group,CNS/Brain
ACH-000448,-1.168346481,1,NCIH1666,Non-Small Cell Lung Cancer,out group,Lung
ACH-000450,-0.252251974,1,MELHO,Melanoma,out group,Skin
ACH-000452,-0.595087642,1,TE8,Esophageal Squamous Cell Carcinoma,out group,Esophagus/Stomach
ACH-000454,0.055103105,1,HCC95,Non-Small Cell Lung Cancer,out group,Lung
ACH-000455,-0.207434951,1,LN428,Diffuse Glioma,out group,CNS/Brain
ACH-000456,-0.195017063,1,BCPAP,Poorly Differentiated Thyroid Cancer,out group,Thyroid
ACH-000458,-0.169419339,1,CJM,Melanoma,out group,Skin
ACH-000459,-0.083213284,1,TUHR10TKB,Renal Cell Carcinoma,out group,Kidney
ACH-000460,-0.599868423,1,SNU8,Ovarian Epithelial Tumor,out group,Ovary/Fallopian Tube
ACH-000461,-0.322133022,1,SNU1196,Intraductal Papillary Neoplasm of the Bile Duct,out group,Biliary Tract
ACH-000463,-0.006683622,1,NCIH460,Non-Small Cell Lung Cancer,out group,Lung
ACH-000464,-0.085268451,1,CAS1,Diffuse Glioma,out group,CNS/Brain
ACH-000466,-1.442740548,1,SNU216,Esophagogastric Adenocarcinoma,out group,Esophagus/Stomach
ACH-000467,-1.464861858,1,HCC56,Colorectal Adenocarcinoma,in group,Bowel
ACH-000468,-0.11786997,1,PK45H,Pancreatic Adenocarcinoma,out group,Pancreas
ACH-000469,-0.17781585,1,YH13,Diffuse Glioma,out group,CNS/Brain
ACH-000470,-0.406808192,1,SW1463,Colorectal Adenocarcinoma,in group,Bowel
ACH-000471,-0.074700501,1,LI7,Hepatocellular Carcinoma,out group,Liver
ACH-000472,-0.338345532,1,HSC2,Head and Neck Squamous Cell Carcinoma,out group,Head and Neck
ACH-000473,-1.601934283,1,RT112,Bladder Urothelial Carcinoma,out group,Bladder/Urinary Tract
ACH-000475,-0.371572765,1,HUH1,Hepatocellular Carcinoma,out group,Liver
ACH-000476,-0.019218328,1,JHH4,Hepatocellular Carcinoma,out group,Liver
ACH-000477,-0.65123278,1,MALME3M,Melanoma,out group,Skin
ACH-000478,-0.365927942,1,SNU387,Hepatocellular Carcinoma,out group,Liver
ACH-000479,-0.106793477,1,KNS81,Diffuse Glioma,out group,CNS/Brain
ACH-000480,-0.065480768,1,HUH7,Hepatocellular Carcinoma,out group,Liver
ACH-000481,-1.054991235,1,NCIH2170,Non-Small Cell Lung Cancer,out group,Lung
ACH-000483,-0.786484953,1,SNU182,Hepatocellular Carcinoma,out group,Liver
ACH-000484,-0.382821356,1,VMRCRCW,Renal Cell Carcinoma,out group,Kidney
ACH-000485,-1.200099969,1,GSU,Esophagogastric Adenocarcinoma,out group,Esophagus/Stomach
ACH-000486,-0.234920726,1,KU1919,Bladder Urothelial Carcinoma,out group,Bladder/Urinary Tract
ACH-000487,-0.229590631,1,F36P,Myelodysplastic Syndromes,out group,Myeloid
ACH-000488,-0.607657608,1,TE11,Esophageal Squamous Cell Carcinoma,out group,Esophagus/Stomach
ACH-000489,-1.98000004,1,SW1116,Colorectal Adenocarcinoma,in group,Bowel
ACH-000490,-0.536530752,1,SF767,Cervical Squamous Cell Carcinoma,out group,Cervix
ACH-000491,-0.315154908,1,NCIH716,Colorectal Adenocarcinoma,in group,Bowel
ACH-000493,0.000371562,1,SNU423,Hepatocellular Carcinoma,out group,Liver
ACH-000495,-0.229384155,1,TUHR4TKB,Renal Cell Carcinoma,out group,Kidney
ACH-000496,-0.33114759,1,NCIH1792,Non-Small Cell Lung Cancer,out group,Lung
ACH-000499,-0.117974122,1,EW8,Ewing Sarcoma,out group,Bone
ACH-000500,-0.603550306,1,SNU46,Head and Neck Squamous Cell Carcinoma,out group,Head and Neck
ACH-000502,-0.390015915,1,TCCPAN2,Pancreatic Adenocarcinoma,out group,Pancreas
ACH-000503,-0.967307458,1,BICR16,Head and Neck Squamous Cell Carcinoma,out group,Head and Neck
ACH-000504,-0.240965055,1,SNB75,Diffuse Glioma,out group,CNS/Brain
ACH-000505,-0.199791627,1,RKN,Leiomyosarcoma,out group,Soft Tissue
ACH-000507,-0.597350997,1,KE39,Esophagogastric Adenocarcinoma,out group,Esophagus/Stomach
ACH-000510,-0.25201987,1,NCIH1299,Non-Small Cell Lung Cancer,out group,Lung
ACH-000511,-0.004993342,1,CALU1,Non-Small Cell Lung Cancer,out group,Lung
ACH-000512,-0.028461692,1,INA6,Non-Hodgkin Lymphoma,out group,Lymphoid
ACH-000514,-0.267483008,1,NCIH1092,Lung Neuroendocrine Tumor,out group,Lung
ACH-000516,-0.138557906,1,CAL78,Chondrosarcoma,out group,Bone
ACH-000517,-0.244943346,1,SNU410,Pancreatic Adenocarcinoma,out group,Pancreas
ACH-000518,-0.037386856,1,CAL33,Head and Neck Squamous Cell Carcinoma,out group,Head and Neck
ACH-000520,-0.139680919,1,59M,Ovarian Epithelial Tumor,out group,Ovary/Fallopian Tube
ACH-000521,-0.359620967,1,NCIH2030,Non-Small Cell Lung Cancer,out group,Lung
ACH-000522,-0.178814282,1,UMUC3,Bladder Urothelial Carcinoma,out group,Bladder/Urinary Tract
ACH-000524,-0.787459633,1,KURAMOCHI,Ovarian Epithelial Tumor,out group,Ovary/Fallopian Tube
ACH-000525,-0.19782248,1,NCIH2171,Lung Neuroendocrine Tumor,out group,Lung
ACH-000527,-1.415885094,1,OVISE,Ovarian Epithelial Tumor,out group,Ovary/Fallopian Tube
ACH-000528,-1.136188371,1,ABC1,Non-Small Cell Lung Cancer,out group,Lung
ACH-000533,-0.133021372,1,NCIH2004RT,Rhabdoid Cancer,out group,Kidney
ACH-000535,-1.388051693,1,BXPC3,Pancreatic Adenocarcinoma,out group,Pancreas
ACH-000537,0.096200873,1,SNU761,Hepatocellular Carcinoma,out group,Liver
ACH-000541,-0.040575037,1,KMS34,Non-Hodgkin Lymphoma,out group,Lymphoid
ACH-000542,-0.166333292,1,HEYA8,Ovarian Epithelial Tumor,out group,Ovary/Fallopian Tube
ACH-000544,-0.569838367,1,OE21,Esophageal Squamous Cell Carcinoma,out group,Esophagus/Stomach
ACH-000545,-0.840557489,1,VMCUB1,Bladder Urothelial Carcinoma,out group,Bladder/Urinary Tract
ACH-000547,0.034563888,1,HT1197,Bladder Urothelial Carcinoma,out group,Bladder/Urinary Tract
ACH-000548,-0.573774966,1,BHY,Head and Neck Squamous Cell Carcinoma,out group,Head and Neck
ACH-000549,-0.85791374,1,SNU1076,Head and Neck Squamous Cell Carcinoma,out group,Head and Neck
ACH-000550,-0.008025535,1,IGR39,Melanoma,out group,Skin
ACH-000551,-0.171470457,1,K562,Myeloproliferative Neoplasms,out group,Myeloid
ACH-000552,-1.357377483,1,HT29,Colorectal Adenocarcinoma,in group,Bowel
ACH-000556,-0.809126345,1,SIHA,Cervical Squamous Cell Carcinoma,out group,Cervix
ACH-000557,-0.338768233,1,AML193,Acute Myeloid Leukemia,out group,Myeloid
ACH-000559,-0.4579673,1,NCIH1836,Lung Neuroendocrine Tumor,out group,Lung
ACH-000563,-0.23637549,1,EBC1,Non-Small Cell Lung Cancer,out group,Lung
ACH-000567,-0.286545827,1,ST486,Non-Hodgkin Lymphoma,out group,Lymphoid
ACH-000570,-0.208258583,1,YKG1,Diffuse Glioma,out group,CNS/Brain
ACH-000571,-0.15859913,1,T98G,Diffuse Glioma,out group,CNS/Brain
ACH-000573,-0.217319999,1,MDAMB436,Invasive Breast Carcinoma,out group,Breast
ACH-000576,-0.2052167,1,KMS27,Non-Hodgkin Lymphoma,out group,Lymphoid
ACH-000577,-0.32922747,1,JHH2,Hepatocellular Carcinoma,out group,Liver
ACH-000579,-0.006922819,1,UACC257,Melanoma,out group,Skin
ACH-000580,-0.235579499,1,C32,Melanoma,out group,Skin
ACH-000581,-0.787212878,1,SNU16,Esophagogastric Adenocarcinoma,out group,Esophagus/Stomach
ACH-000584,-0.367118758,1,JHOS4,Ovarian Epithelial Tumor,out group,Ovary/Fallopian Tube
ACH-000585,-0.269281244,1,EPLC272H,Non-Small Cell Lung Cancer,out group,Lung
ACH-000587,-0.289096016,1,NCIH1975,Non-Small Cell Lung Cancer,out group,Lung
ACH-000588,-0.200798493,1,KMS26,Non-Hodgkin Lymphoma,out group,Lymphoid
ACH-000589,-0.419524648,1,NCIH1437,Non-Small Cell Lung Cancer,out group,Lung
ACH-000591,0.174560014,1,LN235,Diffuse Glioma,out group,CNS/Brain
ACH-000592,-0.341435261,1,TM31,Diffuse Glioma,out group,CNS/Brain
ACH-000593,-0.473066711,1,BC3C,Bladder Urothelial Carcinoma,out group,Bladder/Urinary Tract
ACH-000595,-0.232887005,1,LN229,Diffuse Glioma,out group,CNS/Brain
ACH-000596,-0.09849988,1,LCLC97TM1,Non-Small Cell Lung Cancer,out group,Lung
ACH-000597,-0.095004783,1,TTC709,Embryonal Tumor,out group,CNS/Brain
ACH-000599,-0.297367881,1,PATU8902,Pancreatic Adenocarcinoma,out group,Pancreas
ACH-000600,-0.147092053,1,SLR26,Renal Cell Carcinoma,out group,Kidney
ACH-000601,-0.190145067,1,MIAPACA2,Pancreatic Adenocarcinoma,out group,Pancreas
ACH-000602,-0.125786399,1,M07E,Acute Myeloid Leukemia,out group,Myeloid
ACH-000604,-0.001581071,1,KYO1,Myeloproliferative Neoplasms,out group,Myeloid
ACH-000605,-0.559603954,1,TE6,Esophageal Squamous Cell Carcinoma,out group,Esophagus/Stomach
ACH-000606,-0.21453026,1,PECAPJ34CLONEC12,Head and Neck Squamous Cell Carcinoma,out group,Head and Neck
ACH-000607,0.085040936,1,KYM1,Rhabdomyosarcoma,out group,Soft Tissue
ACH-000608,-1.092483831,1,COV644,Ovarian Epithelial Tumor,out group,Ovary/Fallopian Tube
ACH-000609,-0.101598179,1,SF126,Diffuse Glioma,out group,CNS/Brain
ACH-000614,-0.030151741,1,RVH421,Melanoma,out group,Skin
ACH-000616,-0.164809589,1,HS746T,Esophagogastric Adenocarcinoma,out group,Esophagus/Stomach
ACH-000618,-0.849640558,1,SNU1041,Head and Neck Squamous Cell Carcinoma,out group,Head and Neck
ACH-000619,-0.028439207,1,PECAPJ15,Head and Neck Squamous Cell Carcinoma,out group,Head and Neck
ACH-000620,-1.391823441,1,JHH1,Hepatocellular Carcinoma,out group,Liver
ACH-000621,-0.180776528,1,MDAMB157,Invasive Breast Carcinoma,out group,Breast
ACH-000622,-0.998902016,1,KNS42,Diffuse Glioma,out group,CNS/Brain
ACH-000623,-0.263963865,1,SNU201,Diffuse Glioma,out group,CNS/Brain
ACH-000624,-0.796122314,1,HCC1806,Breast Ductal Carcinoma In Situ,out group,Breast
ACH-000627,-0.070003987,1,LCLC103H,Non-Small Cell Lung Cancer,out group,Lung
ACH-000630,-0.095583986,1,YD8,Head and Neck Squamous Cell Carcinoma,out group,Head and Neck
ACH-000632,-0.227112183,1,HS944T,Melanoma,out group,Skin
ACH-000633,-0.181083305,1,FU97,Esophagogastric Adenocarcinoma,out group,Esophagus/Stomach
ACH-000634,-0.386287266,1,LN340,Diffuse Glioma,out group,CNS/Brain
ACH-000637,-0.794119873,1,KYSE520,Esophageal Squamous Cell Carcinoma,out group,Esophagus/Stomach
ACH-000638,-0.527782526,1,NCIH441,Non-Small Cell Lung Cancer,out group,Lung
ACH-000639,-0.120598452,1,NCIH211,Lung Neuroendocrine Tumor,out group,Lung
ACH-000645,-0.203458279,1,JL1,Pleural Mesothelioma,out group,Pleura
ACH-000646,-1.130079311,1,OVMANA,Ovarian Epithelial Tumor,out group,Ovary/Fallopian Tube
ACH-000647,-0.071305623,1,TE1,Esophageal Squamous Cell Carcinoma,out group,Esophagus/Stomach
ACH-000648,-0.122660865,1,NCIH28,Pleural Mesothelioma,out group,Pleura
ACH-000649,-0.051477422,1,786O,Renal Cell Carcinoma,out group,Kidney
ACH-000651,-0.939547259,1,SW620,Colorectal Adenocarcinoma,in group,Bowel
ACH-000652,-0.632311739,1,SUIT2,Pancreatic Adenocarcinoma,out group,Pancreas
ACH-000653,-0.327070258,1,JJN3,Non-Hodgkin Lymphoma,out group,Lymphoid
ACH-000654,-0.092660295,1,RAJI,Non-Hodgkin Lymphoma,out group,Lymphoid
ACH-000655,-0.129083205,1,SF268,Diffuse Glioma,out group,CNS/Brain
ACH-000657,-0.203957938,1,A2780,Ovarian Epithelial Tumor,out group,Ovary/Fallopian Tube
ACH-000658,-0.228115912,1,KMS18,Non-Hodgkin Lymphoma,out group,Lymphoid
ACH-000661,-0.08268277,1,WM1799,Melanoma,out group,Skin
ACH-000662,-0.118903233,1,CORL23,Non-Small Cell Lung Cancer,out group,Lung
ACH-000663,-0.878245511,1,OVTOKO,Ovarian Epithelial Tumor,out group,Ovary/Fallopian Tube
ACH-000664,-0.180443731,1,SUDHL1,Non-Hodgkin Lymphoma,out group,Lymphoid
ACH-000665,-0.194558824,1,SKMES1,Non-Small Cell Lung Cancer,out group,Lung
ACH-000667,-0.048337611,1,HCC44,Non-Small Cell Lung Cancer,out group,Lung
ACH-000671,-0.295645519,1,HUH6,Hepatoblastoma,out group,Liver
ACH-000673,-0.22970196,1,LN443,Diffuse Glioma,out group,CNS/Brain
ACH-000676,-0.177354845,1,LN464,Diffuse Glioma,out group,CNS/Brain
ACH-000677,-0.049087545,1,SW1573,Non-Small Cell Lung Cancer,out group,Lung
ACH-000680,-0.525457258,1,SW948,Colorectal Adenocarcinoma,in group,Bowel
ACH-000681,0.143731985,1,A549,Non-Small Cell Lung Cancer,out group,Lung
ACH-000682,-1.202131432,1,SNU1066,Head and Neck Squamous Cell Carcinoma,out group,Head and Neck
ACH-000683,-1.31016814,1,SNU503,Colorectal Adenocarcinoma,in group,Bowel
ACH-000684,0.064066904,1,KMRC1,Renal Cell Carcinoma,out group,Kidney
ACH-000685,-1.951291031,1,L33,Adenosquamous Carcinoma of the Pancreas,out group,Pancreas
ACH-000688,-0.210540694,1,OV7,Ovarian Epithelial Tumor,out group,Ovary/Fallopian Tube
ACH-000693,-0.222982447,1,KYSE180,Esophageal Squamous Cell Carcinoma,out group,Esophagus/Stomach
ACH-000694,-0.613815434,1,TE9,Esophageal Squamous Cell Carcinoma,out group,Esophagus/Stomach
ACH-000695,-0.560126603,1,CORL47,Lung Neuroendocrine Tumor,out group,Lung
ACH-000696,-0.13594492,1,OVCAR8,Ovarian Epithelial Tumor,out group,Ovary/Fallopian Tube
ACH-000697,-0.198604703,1,A3KAW,Non-Hodgkin Lymphoma,out group,Lymphoid
ACH-000698,-0.043278516,1,DMS53,Lung Neuroendocrine Tumor,out group,Lung
ACH-000699,-0.162736113,1,HCC1395,Invasive Breast Carcinoma,out group,Breast
ACH-000700,-0.080400018,1,NCIH2882,Non-Small Cell Lung Cancer,out group,Lung
ACH-000701,-0.889501711,1,RMUGS,Ovarian Epithelial Tumor,out group,Ovary/Fallopian Tube
ACH-000702,0.023496087,1,L1236,Hodgkin Lymphoma,out group,Lymphoid
ACH-000706,-1.099161856,1,EKVX,Non-Small Cell Lung Cancer,out group,Lung
ACH-000709,-0.185489197,1,KMRC2,Renal Cell Carcinoma,out group,Kidney
ACH-000711,-0.159708324,1,JIMT1,Invasive Breast Carcinoma,out group,Breast
ACH-000713,-0.450866139,1,CAOV3,Ovarian Epithelial Tumor,out group,Ovary/Fallopian Tube
ACH-000714,-0.16575229,1,KMS11,Non-Hodgkin Lymphoma,out group,Lymphoid
ACH-000716,0.045616202,1,TT2609C02,Well-Differentiated Thyroid Cancer,out group,Thyroid
ACH-000718,-0.359989772,1,NCIH2291,Non-Small Cell Lung Cancer,out group,Lung
ACH-000719,0.058019652,1,RMGI,Ovarian Epithelial Tumor,out group,Ovary/Fallopian Tube
ACH-000720,0.015674792,1,TCCSUP,Bladder Urothelial Carcinoma,out group,Bladder/Urinary Tract
ACH-000721,-0.115893973,1,HMC18,Invasive Breast Carcinoma,out group,Breast
ACH-000724,-0.468126631,1,HT1376,Bladder Urothelial Carcinoma,out group,Bladder/Urinary Tract
ACH-000725,-0.18666333,1,HCC202,Breast Ductal Carcinoma In Situ,out group,Breast
ACH-000732,-0.439117536,1,PECAPJ41CLONED2,Head and Neck Squamous Cell Carcinoma,out group,Head and Neck
ACH-000734,-0.405369867,1,JHH5,Hepatocellular Carcinoma,out group,Liver
ACH-000735,-0.45220451,1,PECAPJ49,Head and Neck Squamous Cell Carcinoma,out group,Head and Neck
ACH-000736,-0.184393516,1,SNU601,Esophagogastric Adenocarcinoma,out group,Esophagus/Stomach
ACH-000738,-0.070009818,1,GB1,Diffuse Glioma,out group,CNS/Brain
ACH-000739,-0.153582202,1,HEPG2,Hepatoblastoma,out group,Liver
ACH-000740,-0.086707249,1,A253,Head and Neck Squamous Cell Carcinoma,out group,Head and Neck
ACH-000741,-0.524303363,1,UBLC1,Bladder Urothelial Carcinoma,out group,Bladder/Urinary Tract
ACH-000746,-0.171049563,1,GSS,Esophagogastric Adenocarcinoma,out group,Esophagus/Stomach
ACH-000747,-0.009952974,1,NCIH1703,Non-Small Cell Lung Cancer,out group,Lung
ACH-000748,-0.148572708,1,SJSA1,Osteosarcoma,out group,Bone
ACH-000753,-0.237156386,1,JMSU1,Bladder Urothelial Carcinoma,out group,Bladder/Urinary Tract
ACH-000754,-0.095133017,1,L428,Hodgkin Lymphoma,out group,Lymphoid
ACH-000756,-0.122696459,1,GI1,Diffuse Glioma,out group,CNS/Brain
ACH-000757,-0.457039732,1,A427,Non-Small Cell Lung Cancer,out group,Lung
ACH-000758,-0.538512406,1,MKN74,Esophagogastric Adenocarcinoma,out group,Esophagus/Stomach
ACH-000760,-0.202671087,1,LNZ308,Diffuse Glioma,out group,CNS/Brain
ACH-000762,-0.444215671,1,YD38,Head and Neck Squamous Cell Carcinoma,out group,Head and Neck
ACH-000763,-0.185910319,1,MM1S,Non-Hodgkin Lymphoma,out group,Lymphoid
ACH-000764,-0.065499606,1,SH10TC,Esophagogastric Adenocarcinoma,out group,Esophagus/Stomach
ACH-000765,-0.131100792,1,WM983B,Melanoma,out group,Skin
ACH-000766,-0.307943973,1,NCIH1648,Non-Small Cell Lung Cancer,out group,Lung
ACH-000767,-0.282250777,1,NCIH526,Lung Neuroendocrine Tumor,out group,Lung
ACH-000768,-0.070801265,1,MDAMB231,Invasive Breast Carcinoma,out group,Breast
ACH-000769,-0.240851243,1,LK2,Non-Small Cell Lung Cancer,out group,Lung
ACH-000770,-0.131980861,1,P31FUJ,Acute Myeloid Leukemia,out group,Myeloid
ACH-000771,-0.987504777,1,BICR56,Head and Neck Squamous Cell Carcinoma,out group,Head and Neck
ACH-000773,-0.177254177,1,KIJK,Non-Hodgkin Lymphoma,out group,Lymphoid
ACH-000774,-0.911159403,1,RERFLCAD2,Non-Small Cell Lung Cancer,out group,Lung
ACH-000775,-1.309578044,1,NCIH727,Lung Neuroendocrine Tumor,out group,Lung
ACH-000776,-0.66619309,1,ONS76,Embryonal Tumor,out group,CNS/Brain
ACH-000777,-0.87806305,1,KYSE30,Esophageal Squamous Cell Carcinoma,out group,Esophagus/Stomach
ACH-000778,-0.322857037,1,HSC3,Head and Neck Squamous Cell Carcinoma,out group,Head and Neck
ACH-000781,-0.260591084,1,NCIH2023,Non-Small Cell Lung Cancer,out group,Lung
ACH-000782,-0.053143766,1,SEM,B-Lymphoblastic Leukemia/Lymphoma,out group,Lymphoid
ACH-000783,-0.115879185,1,CAMA1,Invasive Breast Carcinoma,out group,Breast
ACH-000784,-0.443498066,1,KYSE70,Esophageal Squamous Cell Carcinoma,out group,Esophagus/Stomach
ACH-000785,-0.739376424,1,NCIH2126,Non-Small Cell Lung Cancer,out group,Lung
ACH-000787,-0.400059007,1,LXF289,Non-Small Cell Lung Cancer,out group,Lung
ACH-000788,-0.233228327,1,A2058,Melanoma,out group,Skin
ACH-000790,-0.343123977,1,SHP77,Lung Neuroendocrine Tumor,out group,Lung
ACH-000791,-1.354542521,1,RERFLCAD1,Non-Small Cell Lung Cancer,out group,Lung
ACH-000792,-0.36191796,1,BFTC909,Renal Cell Carcinoma,out group,Kidney
ACH-000793,-0.726486093,1,KATOIII,Esophagogastric Adenocarcinoma,out group,Esophagus/Stomach
ACH-000794,-0.355289285,1,BICR22,Head and Neck Squamous Cell Carcinoma,out group,Head and Neck
ACH-000796,-0.207032343,1,MCAS,Ovarian Epithelial Tumor,out group,Ovary/Fallopian Tube
ACH-000799,-0.092688746,1,HS695T,Melanoma,out group,Skin
ACH-000800,-0.124449659,1,NCIH446,Lung Neuroendocrine Tumor,out group,Lung
ACH-000801,-0.212654279,1,HS936T,Melanoma,out group,Skin
ACH-000802,-0.227679748,1,BFTC905,Bladder Urothelial Carcinoma,out group,Bladder/Urinary Tract
ACH-000804,-0.32338142,1,NB1,Neuroblastoma,out group,Peripheral Nervous System
ACH-000805,-0.008956363,1,COLO679,Melanoma,out group,Skin
ACH-000807,-0.290213031,1,SNU738,Diffuse Glioma,out group,CNS/Brain
ACH-000809,-0.982147541,1,KYSE410,Esophageal Squamous Cell Carcinoma,out group,Esophagus/Stomach
ACH-000810,-0.159678843,1,SKMEL30,Melanoma,out group,Skin
ACH-000811,0.004942851,1,SKOV3,Ovarian Epithelial Tumor,out group,Ovary/Fallopian Tube
ACH-000817,-0.159425481,1,RPMI8226,Non-Hodgkin Lymphoma,out group,Lymphoid
ACH-000819,-0.197160465,1,LN18,Diffuse Glioma,out group,CNS/Brain
ACH-000820,0.239005408,1,SW403,Colorectal Adenocarcinoma,in group,Bowel
ACH-000821,-0.023916086,1,EJM,Non-Hodgkin Lymphoma,out group,Lymphoid
ACH-000822,-0.16824539,1,SKMEL24,Melanoma,out group,Skin
ACH-000823,-0.315752054,1,KYSE140,Esophageal Squamous Cell Carcinoma,out group,Esophagus/Stomach
ACH-000824,-0.274418128,1,KYSE510,Esophageal Squamous Cell Carcinoma,out group,Esophagus/Stomach
ACH-000826,-0.883534766,1,CAL12T,Non-Small Cell Lung Cancer,out group,Lung
ACH-000827,-0.112760417,1,WM793,Melanoma,out group,Skin
ACH-000829,-0.140462034,1,HUNS1,Non-Hodgkin Lymphoma,out group,Lymphoid
ACH-000831,-0.157885271,1,HEC50B,Endometrial Carcinoma,out group,Uterus
ACH-000832,-0.398326533,1,CAL27,Head and Neck Squamous Cell Carcinoma,out group,Head and Neck
ACH-000833,-0.343666971,1,RH30,Rhabdomyosarcoma,out group,Soft Tissue
ACH-000834,-1.158909542,1,UMUC1,Bladder Urothelial Carcinoma,out group,Bladder/Urinary Tract
ACH-000835,-0.193514597,1,GCT,Undifferentiated Pleomorphic Sarcoma/Malignant Fibrous Histiocytoma/High-Grade Spindle Cell Sarcoma,out group,Soft Tissue
ACH-000836,-0.565461708,1,YD15,Head and Neck Squamous Cell Carcinoma,out group,Head and Neck
ACH-000837,-0.440207689,1,NCIH322,Non-Small Cell Lung Cancer,out group,Lung
ACH-000838,-0.025135428,1,AMO1,Non-Hodgkin Lymphoma,out group,Lymphoid
ACH-000839,-0.469963864,1,SCABER,Bladder Squamous Cell Carcinoma,out group,Bladder/Urinary Tract
ACH-000840,-0.395226755,1,HCC366,Non-Small Cell Lung Cancer,out group,Lung
ACH-000841,-0.1097653,1,NCIH2087,Non-Small Cell Lung Cancer,out group,Lung
ACH-000843,-1.263129375,1,HARA,Non-Small Cell Lung Cancer,out group,Lung
ACH-000845,-0.21883944,1,NCIH1373,Non-Small Cell Lung Cancer,out group,Lung
ACH-000846,0.036840485,1,FADU,Head and Neck Squamous Cell Carcinoma,out group,Head and Neck
ACH-000847,-0.140080069,1,HGC27,Esophagogastric Adenocarcinoma,out group,Esophagus/Stomach
ACH-000848,-0.273768918,1,JHH7,Hepatocellular Carcinoma,out group,Liver
ACH-000849,-0.204814284,1,MDAMB468,Invasive Breast Carcinoma,out group,Breast
ACH-000851,-0.048926014,1,MORCPR,Non-Small Cell Lung Cancer,out group,Lung
ACH-000853,0.118169665,1,NCIH661,Non-Small Cell Lung Cancer,out group,Lung
ACH-000854,-0.195328285,1,OCIMY5,Non-Hodgkin Lymphoma,out group,Lymphoid
ACH-000855,-0.170408393,1,KYSE150,Esophageal Squamous Cell Carcinoma,out group,Esophagus/Stomach
ACH-000856,-0.757472176,1,CAL51,Invasive Breast Carcinoma,out group,Breast
ACH-000858,-0.636441194,1,KNS62,Non-Small Cell Lung Cancer,out group,Lung
ACH-000859,-0.023230181,1,HCC1954,Breast Ductal Carcinoma In Situ,out group,Breast
ACH-000860,-0.101029657,1,NCIH358,Non-Small Cell Lung Cancer,out group,Lung
ACH-000861,-0.041215148,1,HOP62,Non-Small Cell Lung Cancer,out group,Lung
ACH-000862,-0.500951235,1,KMBC2,Bladder Urothelial Carcinoma,out group,Bladder/Urinary Tract
ACH-000865,-0.336835968,1,KYSE450,Esophageal Squamous Cell Carcinoma,out group,Esophagus/Stomach
ACH-000866,-0.076997699,1,NCIH1048,Lung Neuroendocrine Tumor,out group,Lung
ACH-000867,-0.229674185,1,CHAGOK1,Non-Small Cell Lung Cancer,out group,Lung
ACH-000869,-0.519809424,1,NCIH1568,Non-Small Cell Lung Cancer,out group,Lung
ACH-000872,-0.071559589,1,HCC515,Non-Small Cell Lung Cancer,out group,Lung
ACH-000873,-0.582482771,1,KYSE270,Esophageal Squamous Cell Carcinoma,out group,Esophagus/Stomach
ACH-000876,-0.269556615,1,MDAMB415,Invasive Breast Carcinoma,out group,Breast
ACH-000878,-0.376606951,1,HCC15,Non-Small Cell Lung Cancer,out group,Lung
ACH-000880,-0.871035197,1,AGS,Esophagogastric Adenocarcinoma,out group,Esophagus/Stomach
ACH-000881,0.093898001,1,MELJUSO,Melanoma,out group,Skin
ACH-000882,-0.164627755,1,IGR1,Melanoma,out group,Skin
ACH-000884,-0.163864508,1,MDAMB435S,Melanoma,out group,Skin
ACH-000885,-0.160105103,1,TOV21G,Ovarian Epithelial Tumor,out group,Ovary/Fallopian Tube
ACH-000886,-0.168539248,1,NCIH2009,Non-Small Cell Lung Cancer,out group,Lung
ACH-000887,-0.324699816,1,SF172,Diffuse Glioma,out group,CNS/Brain
ACH-000888,-0.027155726,1,NCIH1793,Non-Small Cell Lung Cancer,out group,Lung
ACH-000889,-0.08701617,1,KMM1,Non-Hodgkin Lymphoma,out group,Lymphoid
ACH-000890,-0.239017015,1,SW1271,Lung Neuroendocrine Tumor,out group,Lung
ACH-000896,-0.088435696,1,647V,Bladder Urothelial Carcinoma,out group,Bladder/Urinary Tract
ACH-000898,-0.963799572,1,SNU719,Esophagogastric Adenocarcinoma,out group,Esophagus/Stomach
ACH-000899,-0.007882427,1,WM88,Melanoma,out group,Skin
ACH-000900,-0.040390409,1,NCIH23,Non-Small Cell Lung Cancer,out group,Lung
ACH-000901,-0.220252908,1,HCC1359,Non-Small Cell Lung Cancer,out group,Lung
ACH-000903,-0.121998828,1,FTC133,Well-Differentiated Thyroid Cancer,out group,Thyroid
ACH-000905,-1.616881401,1,5637,Bladder Urothelial Carcinoma,out group,Bladder/Urinary Tract
ACH-000906,-0.168898736,1,ES2,Ovarian Epithelial Tumor,out group,Ovary/Fallopian Tube
ACH-000907,-0.012574036,1,SNU349,Renal Cell Carcinoma,out group,Kidney
ACH-000910,0.022959951,1,MDAMB453,Invasive Breast Carcinoma,out group,Breast
ACH-000911,-0.189101289,1,NUGC3,Esophagogastric Adenocarcinoma,out group,Esophagus/Stomach
ACH-000912,-0.146099327,1,NCIH2286,Lung Neuroendocrine Tumor,out group,Lung
ACH-000913,-0.180856324,1,ESS1,Uterine Sarcoma/Mesenchymal,out group,Uterus
ACH-000914,-0.108179627,1,HT,Non-Hodgkin Lymphoma,out group,Lymphoid
ACH-000915,-0.154997213,1,IPC298,Melanoma,out group,Skin
ACH-000916,-0.440572312,1,NCIH1573,Non-Small Cell Lung Cancer,out group,Lung
ACH-000917,-0.205456347,1,TE4,Esophageal Squamous Cell Carcinoma,out group,Esophagus/Stomach
ACH-000920,-0.281099783,1,CMLT1,Myeloproliferative Neoplasms,out group,Myeloid
ACH-000921,-0.141284237,1,NCIH157DM,Non-Small Cell Lung Cancer,out group,Lung
ACH-000922,-0.258518366,1,RCHACV,B-Lymphoblastic Leukemia/Lymphoma,out group,Lymphoid
ACH-000924,-0.109136978,1,NCIH2172,Non-Small Cell Lung Cancer,out group,Lung
ACH-000926,-1.209625806,1,HT55,Colorectal Adenocarcinoma,in group,Bowel
ACH-000928,-0.836903093,1,JHUEM1,Endometrial Carcinoma,out group,Uterus
ACH-000929,-0.484607889,1,NCIH2110,Non-Small Cell Lung Cancer,out group,Lung
ACH-000932,-0.215471348,1,SNU1,Esophagogastric Adenocarcinoma,out group,Esophagus/Stomach
ACH-000935,-0.31910255,1,MDST8,Colorectal Adenocarcinoma,in group,Bowel
ACH-000936,-0.950966146,1,EFO27,Ovarian Epithelial Tumor,out group,Ovary/Fallopian Tube
ACH-000937,-0.187987276,1,PF382,T-Lymphoblastic Leukemia/Lymphoma,out group,Lymphoid
ACH-000938,-0.121521702,1,NALM6,B-Lymphoblastic Leukemia/Lymphoma,out group,Lymphoid
ACH-000939,-0.020833349,1,SKUT1,Uterine Sarcoma/Mesenchymal,out group,Uterus
ACH-000941,-0.181087324,1,HEC1B,Endometrial Carcinoma,out group,Uterus
ACH-000943,-0.137692325,1,RKO,Colorectal Adenocarcinoma,in group,Bowel
ACH-000944,-0.165537817,1,NAMALWA,Non-Hodgkin Lymphoma,out group,Lymphoid
ACH-000946,-0.237610921,1,HEC265,Endometrial Carcinoma,out group,Uterus
ACH-000947,-0.117812723,1,OVK18,Ovarian Epithelial Tumor,out group,Ovary/Fallopian Tube
ACH-000948,-0.989483927,1,2313287,Esophagogastric Adenocarcinoma,out group,Esophagus/Stomach
ACH-000950,-0.783508859,1,LOVO,Colorectal Adenocarcinoma,in group,Bowel
ACH-000953,-0.156798684,1,SUPT1,T-Lymphoblastic Leukemia/Lymphoma,out group,Lymphoid
ACH-000957,-0.924565999,1,LS180,Colorectal Adenocarcinoma,in group,Bowel
ACH-000958,-0.491252613,1,SW48,Colorectal Adenocarcinoma,in group,Bowel
ACH-000959,-1.29845343,1,SNUC4,Colorectal Adenocarcinoma,in group,Bowel
ACH-000960,-0.116757163,1,REH,B-Lymphoblastic Leukemia/Lymphoma,out group,Lymphoid
ACH-000961,-0.385618136,1,ISHIKAWAHERAKLIO02ER,Endometrial Carcinoma,out group,Uterus
ACH-000963,-0.915544042,1,CCK81,Colorectal Adenocarcinoma,in group,Bowel
ACH-000965,-0.206789673,1,RL952,Endometrial Carcinoma,out group,Uterus
ACH-000968,-0.176937249,1,COLO792,Melanoma,out group,Skin
ACH-000969,-0.383863633,1,KM12,Colorectal Adenocarcinoma,in group,Bowel
ACH-000973,-0.293681422,1,639V,Urethral Cancer,out group,Bladder/Urinary Tract
ACH-000974,-0.218433956,1,SNGM,Endometrial Carcinoma,out group,Uterus
ACH-000975,-0.136881922,1,HCC2450,Non-Small Cell Lung Cancer,out group,Lung
ACH-000976,-0.793605866,1,HUCCT1,Intraductal Papillary Neoplasm of the Bile Duct,out group,Biliary Tract
ACH-000977,0.125640762,1,LNCAPCLONEFGC,Prostate Adenocarcinoma,out group,Prostate
ACH-000978,-0.411257438,1,EN,Endometrial Carcinoma,out group,Uterus
ACH-000980,-0.249334012,1,NCIH1155,Non-Small Cell Lung Cancer,out group,Lung
ACH-000983,-0.127096045,1,KCL22,Myeloproliferative Neoplasms,out group,Myeloid
ACH-000984,-0.098871264,1,HEC6,Endometrial Carcinoma,out group,Uterus
ACH-000986,-0.794817528,1,HT115,Colorectal Adenocarcinoma,in group,Bowel
ACH-000988,-0.053195979,1,MFE319,Endometrial Carcinoma,out group,Uterus
ACH-000993,-0.533208553,1,JHUEM7,Endometrial Carcinoma,out group,Uterus
ACH-000994,-0.432965756,1,HEC59,Endometrial Carcinoma,out group,Uterus
ACH-000995,0.142180433,1,JURKAT,T-Lymphoblastic Leukemia/Lymphoma,out group,Lymphoid
ACH-000996,-0.25130567,1,HEC251,Endometrial Carcinoma,out group,Uterus
ACH-001001,-0.134470376,1,143B,Osteosarcoma,out group,Bone
ACH-001020,-0.62803534,1,BT16,Embryonal Tumor,out group,CNS/Brain
ACH-001028,-0.16890563,1,CHLA06ATRT,Embryonal Tumor,out group,CNS/Brain
ACH-001029,-0.128105246,1,CHLA10,Ewing Sarcoma,out group,Bone
ACH-001031,-0.206330589,1,CHLA266,Embryonal Tumor,out group,CNS/Brain
ACH-001033,-0.180657401,1,CHLA57,Embryonal Tumor,out group,CNS/Brain
ACH-001036,-0.316852274,1,CMK115,Acute Myeloid Leukemia,out group,Myeloid
ACH-001038,-0.182679567,1,COGE352,Embryonal Tumor,out group,CNS/Brain
ACH-001041,-0.468118636,1,CHL1DM,Melanoma,out group,Skin
ACH-001048,-0.296668773,1,COV504,Ovarian Epithelial Tumor,out group,Ovary/Fallopian Tube
ACH-001050,-0.205730553,1,CW9019,Rhabdomyosarcoma,out group,Soft Tissue
ACH-001053,0.039810416,1,D425,Embryonal Tumor,out group,CNS/Brain
ACH-001054,0.073642904,1,D458,Embryonal Tumor,out group,CNS/Brain
ACH-001061,-0.214713078,1,DLD1,Colorectal Adenocarcinoma,in group,Bowel
ACH-001067,-0.06375425,1,F5,Meningothelial Tumor,out group,CNS/Brain
ACH-001075,-1.160157101,1,NCIH292,Non-Small Cell Lung Cancer,out group,Lung
ACH-001096,-0.339164225,1,JR,Rhabdomyosarcoma,out group,Soft Tissue
ACH-001098,-1.01887633,1,KCIMOH1,Pancreatic Adenocarcinoma,out group,Pancreas
ACH-001099,-0.001816542,1,KD,Embryonal Tumor,out group,CNS/Brain
ACH-001119,-0.202141065,1,MAC2A,Non-Hodgkin Lymphoma,out group,Lymphoid
ACH-001128,-0.140453881,1,MON,Embryonal Tumor,out group,CNS/Brain
ACH-001129,-0.101340004,1,MONOMAC1,Acute Myeloid Leukemia,out group,Myeloid
ACH-001134,-0.147877716,1,MYLA,T-Lymphoblastic Leukemia/Lymphoma,out group,Lymphoid
ACH-001145,-0.133860952,1,OC316,Ovarian Epithelial Tumor,out group,Ovary/Fallopian Tube
ACH-001151,0.032667763,1,OVCAR5,Ovarian Epithelial Tumor,out group,Ovary/Fallopian Tube
ACH-001163,-0.402854773,1,CCLFPEDS0001T,Renal Cell Carcinoma,out group,Kidney
ACH-001164,-0.428575907,1,CCLFPEDS0003T,Undifferentiated Pleomorphic Sarcoma/Malignant Fibrous Histiocytoma/High-Grade Spindle Cell Sarcoma,out group,Soft Tissue
ACH-001172,-0.140476161,1,U251MGDM,Diffuse Glioma,out group,CNS/Brain
ACH-001183,-0.766291139,1,RT11284,Bladder Urothelial Carcinoma,out group,Bladder/Urinary Tract
ACH-001184,-0.118900485,1,SCMCRM2,Rhabdomyosarcoma,out group,Soft Tissue
ACH-001188,-0.156430447,1,SHSY5Y,Neuroblastoma,out group,Peripheral Nervous System
ACH-001190,-0.229155324,1,SKMEL2,Melanoma,out group,Skin
ACH-001192,-0.150863758,1,SKNEP1,Ewing Sarcoma,out group,Bone
ACH-001193,-0.285189053,1,SKPNDW,Embryonal Tumor,out group,CNS/Brain
ACH-001194,-0.078565051,1,SKRC31,Renal Cell Carcinoma,out group,Kidney
ACH-001196,-0.110048277,1,SMSCTR,Rhabdomyosarcoma,out group,Soft Tissue
ACH-001197,-0.027075194,1,SMZ1,Non-Hodgkin Lymphoma,out group,Lymphoid
ACH-001205,-0.336527401,1,TC32,Embryonal Tumor,out group,CNS/Brain
ACH-001211,-0.206709014,1,TTC549,Embryonal Tumor,out group,CNS/Brain
ACH-001212,-0.089976499,1,TTC642,Embryonal Tumor,out group,CNS/Brain
ACH-001228,-0.684386526,1,UPCISCC152,Head and Neck Squamous Cell Carcinoma,out group,Head and Neck
ACH-001229,-0.795827942,1,UPCISCC154,Head and Neck Squamous Cell Carcinoma,out group,Head and Neck
ACH-001232,-0.103284934,1,UW228,Embryonal Tumor,out group,CNS/Brain
ACH-001239,0.00391085,1,WM2664,Melanoma,out group,Skin
ACH-001270,-0.097526552,1,127399,Synovial Sarcoma,out group,Soft Tissue
ACH-001274,-0.245224622,1,SW982,Synovial Sarcoma,out group,Soft Tissue
ACH-001275,0.038604025,1,SYO1,Synovial Sarcoma,out group,Soft Tissue
ACH-001277,-0.114644792,1,YAMATO,Synovial Sarcoma,out group,Soft Tissue
ACH-001278,-0.710968153,1,BIN67,Ovarian Epithelial Tumor,out group,Ovary/Fallopian Tube
ACH-001279,-0.156790563,1,SCCOHT1,Ovarian Epithelial Tumor,out group,Ovary/Fallopian Tube
ACH-001280,-0.176068995,1,SCS214,Synovial Sarcoma,out group,Soft Tissue
ACH-001283,-0.19277958,1,TC106,Ewing Sarcoma,out group,Bone
ACH-001289,-0.091688807,1,COGAR359,Embryonal Tumor,out group,CNS/Brain
ACH-001295,-0.194358814,1,Y79,Retinoblastoma,out group,Eye
ACH-001300,-0.136757082,1,CHLA15,Neuroblastoma,out group,Peripheral Nervous System
ACH-001301,-0.157367212,1,COGN278,Neuroblastoma,out group,Peripheral Nervous System
ACH-001302,-0.239412127,1,COGN305,Neuroblastoma,out group,Peripheral Nervous System
ACH-001303,-0.303730108,1,NB1643,Neuroblastoma,out group,Peripheral Nervous System
ACH-001306,-0.156152898,1,8305C,Anaplastic Thyroid Cancer,out group,Thyroid
ACH-001307,-0.266779981,1,8505C,Anaplastic Thyroid Cancer,out group,Thyroid
ACH-001310,-0.137117591,1,HA1E,Non-Cancerous,out group,Kidney
ACH-001318,-0.483576761,1,PLCPRF5,Hepatocellular Carcinoma,out group,Liver
ACH-001322,-0.093507206,1,CME1,Synovial Sarcoma,out group,Soft Tissue
ACH-001328,-0.726156711,1,A431,Cutaneous Squamous Cell Carcinoma,out group,Skin
ACH-001329,-0.15301364,1,ANGMCSS,Diffuse Glioma,out group,CNS/Brain
ACH-001333,0.043549798,1,C33A,Cervical Squamous Cell Carcinoma,out group,Cervix
ACH-001334,-0.455098925,1,C4I,Cervical Squamous Cell Carcinoma,out group,Cervix
ACH-001335,-0.547639238,1,C4II,Cervical Squamous Cell Carcinoma,out group,Cervix
ACH-001336,-0.850701252,1,CASKI,Cervical Squamous Cell Carcinoma,out group,Cervix
ACH-001338,-0.357495925,1,CHP134,Neuroblastoma,out group,Peripheral Nervous System
ACH-001340,-0.30153902,1,COV413A,Ovarian Epithelial Tumor,out group,Ovary/Fallopian Tube
ACH-001341,-0.898206528,1,DOTC24510,Mixed Cervical Carcinoma,out group,Cervix
ACH-001344,-0.350174761,1,GIMEN,Neuroblastoma,out group,Peripheral Nervous System
ACH-001345,-1.014747067,1,GP5D,Colorectal Adenocarcinoma,in group,Bowel
ACH-001346,-0.764557639,1,H103,Head and Neck Squamous Cell Carcinoma,out group,Head and Neck
ACH-001347,-0.828221507,1,H157,Head and Neck Squamous Cell Carcinoma,out group,Head and Neck
ACH-001353,-0.830647192,1,JOPACA1,Pancreatic Adenocarcinoma,out group,Pancreas
ACH-001354,-0.142433655,1,LAN2,Neuroblastoma,out group,Peripheral Nervous System
ACH-001356,-0.323628992,1,MB1,Anaplastic Thyroid Cancer,out group,Thyroid
ACH-001360,-0.201155606,1,MS751,Cervical Squamous Cell Carcinoma,out group,Cervix
ACH-001366,-0.155019148,1,NGP,Neuroblastoma,out group,Peripheral Nervous System
ACH-001367,-0.185315829,1,NMB,Neuroblastoma,out group,Peripheral Nervous System
ACH-001368,-0.172431108,1,OACM51,Esophagogastric Adenocarcinoma,out group,Esophagus/Stomach
ACH-001370,-0.206068853,1,OCIP5X,Ovarian Epithelial Tumor,out group,Ovary/Fallopian Tube
ACH-001374,-0.42261933,1,PA1,Ovarian Germ Cell Tumor,out group,Ovary/Fallopian Tube
ACH-001375,-0.669266927,1,PACADD119,Pancreatic Adenocarcinoma,out group,Pancreas
ACH-001377,-1.445386238,1,PACADD137,Pancreatic Adenocarcinoma,out group,Pancreas
ACH-001379,-0.92000157,1,PACADD161,Pancreatic Adenocarcinoma,out group,Pancreas
ACH-001380,-0.313550544,1,PACADD165,Pancreatic Adenocarcinoma,out group,Pancreas
ACH-001382,0.263412611,1,PACADD188,Pancreatic Adenocarcinoma,out group,Pancreas
ACH-001385,-0.765076989,1,RPMI2650,Head and Neck Squamous Cell Carcinoma,out group,Head and Neck
ACH-001386,-0.229789367,1,SCLC22H,Lung Neuroendocrine Tumor,out group,Lung
ACH-001388,-0.313957056,1,SUM102PT,Invasive Breast Carcinoma,out group,Breast
ACH-001389,-0.149552476,1,SUM1315MO2,Invasive Breast Carcinoma,out group,Breast
ACH-001390,-0.809853486,1,SUM149PT,Invasive Breast Carcinoma,out group,Breast
ACH-001391,-0.297002794,1,SUM159PT,Invasive Breast Carcinoma,out group,Breast
ACH-001392,-0.356528322,1,SUM185PE,Invasive Breast Carcinoma,out group,Breast
ACH-001393,-0.151998662,1,SUM190PT,Invasive Breast Carcinoma,out group,Breast
ACH-001394,-0.714468509,1,SUM229PE,Invasive Breast Carcinoma,out group,Breast
ACH-001396,-0.172417843,1,SUM52PE,Invasive Breast Carcinoma,out group,Breast
ACH-001398,-0.112290875,1,SW156,Renal Cell Carcinoma,out group,Kidney
ACH-001400,-0.431269464,1,SW954,Squamous Cell Carcinoma of the Vulva/Vagina,out group,Vulva/Vagina
ACH-001402,-0.257029897,1,SW756,Cervical Squamous Cell Carcinoma,out group,Cervix
ACH-001403,-0.696179106,1,TO14,Ovarian Epithelial Tumor,out group,Ovary/Fallopian Tube
ACH-001407,-0.108468539,1,UMUC13,Bladder Urothelial Carcinoma,out group,Bladder/Urinary Tract
ACH-001408,-0.856051952,1,UMUC14,Urethral Cancer,out group,Bladder/Urinary Tract
ACH-001409,-0.965117445,1,UMUC16,Bladder Urothelial Carcinoma,out group,Bladder/Urinary Tract
ACH-001411,-0.256320674,1,UMUC5,Bladder Squamous Cell Carcinoma,out group,Bladder/Urinary Tract
ACH-001412,-0.265043534,1,UMUC10,Bladder Urothelial Carcinoma,out group,Bladder/Urinary Tract
ACH-001413,-0.034576533,1,UMUC11,Bladder Urothelial Carcinoma,out group,Bladder/Urinary Tract
ACH-001414,0.097823326,1,UMUC6,Bladder Urothelial Carcinoma,out group,Bladder/Urinary Tract
ACH-001415,-0.473583838,1,UMUC7,Bladder Urothelial Carcinoma,out group,Bladder/Urinary Tract
ACH-001416,-1.28500129,1,UMUC9,Bladder Urothelial Carcinoma,out group,Bladder/Urinary Tract
ACH-001418,-0.635682836,1,UWB1289,Ovarian Epithelial Tumor,out group,Ovary/Fallopian Tube
ACH-001419,-0.574851828,1,VP229,Invasive Breast Carcinoma,out group,Breast
ACH-001421,-0.369823604,1,WERIRB1,Retinoblastoma,out group,Eye
ACH-001422,-0.378362021,1,WPE1NA22,Prostate Adenocarcinoma,out group,Prostate
ACH-001430,-0.160346954,1,TC138,Ewing Sarcoma,out group,Bone
ACH-001431,-0.061910018,1,TC205,Ewing Sarcoma,out group,Bone
ACH-001433,-0.420201613,1,CCLFPEDS0008T,Epithelioid Sarcoma,out group,Soft Tissue
ACH-001442,-1.16815503,1,A388,Cutaneous Squamous Cell Carcinoma,out group,Skin
ACH-001443,-0.198298469,1,ASH3,Anaplastic Thyroid Cancer,out group,Thyroid
ACH-001450,-0.0953191,1,BLUE1,Non-Hodgkin Lymphoma,out group,Lymphoid
ACH-001451,-0.331045769,1,BOKU,Cervical Squamous Cell Carcinoma,out group,Cervix
ACH-001453,-0.816405469,1,BPH1,Non-Cancerous,out group,Prostate
ACH-001454,-0.350805442,1,C10,Colorectal Adenocarcinoma,in group,Bowel
ACH-001458,-1.360200755,1,C75,Colorectal Adenocarcinoma,in group,Bowel
ACH-001459,-1.23076045,1,C80,Colorectal Adenocarcinoma,in group,Bowel
ACH-001460,-1.046655223,1,C84,Colorectal Adenocarcinoma,in group,Bowel
ACH-001461,-1.197546106,1,C99,Colorectal Adenocarcinoma,in group,Bowel
ACH-001494,-0.738387547,1,EGI1,Intraductal Papillary Neoplasm of the Bile Duct,out group,Biliary Tract
ACH-001495,-0.374485857,1,EMTOKA,Endometrial Carcinoma,out group,Uterus
ACH-001496,-0.401508191,1,ESO26,Esophagogastric Adenocarcinoma,out group,Esophagus/Stomach
ACH-001497,-0.85857242,1,ESO51,Esophagogastric Adenocarcinoma,out group,Esophagus/Stomach
ACH-001498,0.023057736,1,FARAGE,Non-Hodgkin Lymphoma,out group,Lymphoid
ACH-001500,-0.144863785,1,FLO1,Esophagogastric Adenocarcinoma,out group,Esophagus/Stomach
ACH-001509,-1.233071453,1,H357,Head and Neck Squamous Cell Carcinoma,out group,Head and Neck
ACH-001510,-0.361378596,1,H376,Head and Neck Squamous Cell Carcinoma,out group,Head and Neck
ACH-001511,-1.751516287,1,H413,Head and Neck Squamous Cell Carcinoma,out group,Head and Neck
ACH-001513,-0.489335296,1,HCA1,Cervical Adenocarcinoma,out group,Cervix
ACH-001515,-0.332836489,1,HCS2,Cervical Squamous Cell Carcinoma,out group,Cervix
ACH-001517,-0.270762922,1,HEC1,Endometrial Carcinoma,out group,Uterus
ACH-001518,-0.310252086,1,HEC116,Endometrial Carcinoma,out group,Uterus
ACH-001520,-0.074144709,1,HG3,B-Lymphoblastic Leukemia/Lymphoma,out group,Lymphoid
ACH-001521,-0.853108634,1,HKA1,Cutaneous Squamous Cell Carcinoma,out group,Skin
ACH-001522,-0.20631815,1,HMY1,Melanoma,out group,Skin
ACH-001523,-0.903023963,1,HSC1,Cutaneous Squamous Cell Carcinoma,out group,Skin
ACH-001524,-0.465742886,1,HSC5,Cutaneous Squamous Cell Carcinoma,out group,Skin
ACH-001525,-0.972969446,1,HT3,Cervical Adenocarcinoma,out group,Cervix
ACH-001526,-0.405142882,1,HUO9,Osteosarcoma,out group,Bone
ACH-001528,-0.00786905,1,IHH4,Well-Differentiated Thyroid Cancer,out group,Thyroid
ACH-001529,-0.162978057,1,JAR,Gestational Trophoblastic Disease,out group,Uterus
ACH-001530,-0.591034135,1,JEG3,Gestational Trophoblastic Disease,out group,Uterus
ACH-001532,-0.183602189,1,JMURTK2,Rhabdoid Cancer,out group,Kidney
ACH-001533,-0.152884274,1,KARPAS1718,Non-Hodgkin Lymphoma,out group,Lymphoid
ACH-001536,-1.055166307,1,KKU100,Intraductal Papillary Neoplasm of the Bile Duct,out group,Biliary Tract
ACH-001538,-0.526150806,1,KKU213,Intraductal Papillary Neoplasm of the Bile Duct,out group,Biliary Tract
ACH-001539,-0.455058982,1,KML1,Non-Hodgkin Lymphoma,out group,Lymphoid
ACH-001542,-0.210453038,1,KON,Head and Neck Squamous Cell Carcinoma,out group,Head and Neck
ACH-001543,-0.617987916,1,KOSC2,Head and Neck Squamous Cell Carcinoma,out group,Head and Neck
ACH-001547,0.110329992,1,LO68,Pleural Mesothelioma,out group,Pleura
ACH-001548,-0.261918041,1,LS,Neuroblastoma,out group,Peripheral Nervous System
ACH-001549,-0.245930549,1,LU135,Lung Neuroendocrine Tumor,out group,Lung
ACH-001550,-0.226615249,1,MCC13,Merkel Cell Carcinoma,out group,Skin
ACH-001551,-0.257804604,1,MCC142,Merkel Cell Carcinoma,out group,Skin
ACH-001552,-0.295255573,1,MCC26,Merkel Cell Carcinoma,out group,Skin
ACH-001554,-0.153130953,1,MEL202,Ocular Melanoma,out group,Eye
ACH-001555,-0.176196292,1,MERO14,Pleural Mesothelioma,out group,Pleura
ACH-001556,-0.301414285,1,MERO25,Pleural Mesothelioma,out group,Pleura
ACH-001557,-0.3284849,1,MERO41,Pleural Mesothelioma,out group,Pleura
ACH-001558,-0.289085571,1,MERO48A,Pleural Mesothelioma,out group,Pleura
ACH-001559,-0.394681299,1,MERO82,Pleural Mesothelioma,out group,Pleura
ACH-001560,-0.451750423,1,MERO83,Pleural Mesothelioma,out group,Pleura
ACH-001562,-0.475288224,1,MERO95,Pleural Mesothelioma,out group,Pleura
ACH-001563,-0.221251285,1,MM127,Melanoma,out group,Skin
ACH-001566,0.065241346,1,MM370,Melanoma,out group,Skin
ACH-001567,0.07461808,1,MM383,Melanoma,out group,Skin
ACH-001568,-0.156993421,1,MM386,Melanoma,out group,Skin
ACH-001570,0.091269932,1,MM426,Melanoma,out group,Skin
ACH-001574,-0.126437187,1,MOLM14,Acute Myeloid Leukemia,out group,Myeloid
ACH-001577,-0.02330904,1,MUTZ8,Acute Myeloid Leukemia,out group,Myeloid
ACH-001607,-0.65977662,1,NOZ,Intracholecystic Papillary Neoplasm,out group,Biliary Tract
ACH-001608,-0.076384308,1,NP2,Diffuse Glioma,out group,CNS/Brain
ACH-001609,-0.231749085,1,NP3,Diffuse Glioma,out group,CNS/Brain
ACH-001610,-0.045783601,1,NP5,Diffuse Glioma,out group,CNS/Brain
ACH-001611,-0.035655347,1,NP8,Diffuse Glioma,out group,CNS/Brain
ACH-001616,-0.094668776,1,OCILY18,Non-Hodgkin Lymphoma,out group,Lymphoid
ACH-001618,0.061381458,1,OCIM2,Acute Myeloid Leukemia,out group,Myeloid
ACH-001619,-0.391918785,1,OCUG1,Intracholecystic Papillary Neoplasm,out group,Biliary Tract
ACH-001622,-0.238396275,1,ONDA7,Diffuse Glioma,out group,CNS/Brain
ACH-001623,-0.125522126,1,ONDA8,Diffuse Glioma,out group,CNS/Brain
ACH-001624,-0.262828271,1,ONDA9,Diffuse Glioma,out group,CNS/Brain
ACH-001627,-0.863820061,1,P4E6,Prostate Adenocarcinoma,out group,Prostate
ACH-001628,-0.262261636,1,PEA1,Ovarian Epithelial Tumor,out group,Ovary/Fallopian Tube
ACH-001630,-0.328332305,1,PEO1,Ovarian Epithelial Tumor,out group,Ovary/Fallopian Tube
ACH-001634,-0.417618119,1,PGA1,Non-Hodgkin Lymphoma,out group,Lymphoid
ACH-001641,-0.695924873,1,SAT,Head and Neck Squamous Cell Carcinoma,out group,Head and Neck
ACH-001645,-0.136279044,1,SEKI,Melanoma,out group,Skin
ACH-001647,-0.161449321,1,SHI1,Acute Myeloid Leukemia,out group,Myeloid
ACH-001648,-0.75782814,1,SHMAC4,Prostate Adenocarcinoma,out group,Prostate
ACH-001649,-0.692977681,1,SHMAC5,Prostate Adenocarcinoma,out group,Prostate
ACH-001650,-0.905415322,1,SISO,Cervical Adenocarcinoma,out group,Cervix
ACH-001651,-0.351275649,1,SKGI,Cervical Squamous Cell Carcinoma,out group,Cervix
ACH-001652,-0.6557065,1,SKGII,Cervical Squamous Cell Carcinoma,out group,Cervix
ACH-001653,-0.628420704,1,SKGT2,Esophagogastric Adenocarcinoma,out group,Esophagus/Stomach
ACH-001654,-1.231820268,1,SKGT4,Esophagogastric Adenocarcinoma,out group,Esophagus/Stomach
ACH-001655,-0.330870493,1,SKN,Uterine Sarcoma/Mesenchymal,out group,Uterus
ACH-001656,-0.119725428,1,SKNO1,Acute Myeloid Leukemia,out group,Myeloid
ACH-001664,-0.453904435,1,SNU638,Esophagogastric Adenocarcinoma,out group,Esophagus/Stomach
ACH-001668,-0.423638383,1,SUSA,Non-Seminomatous Germ Cell Tumor,out group,Testis
ACH-001669,-0.170044098,1,TANOUE,B-Lymphoblastic Leukemia/Lymphoma,out group,Lymphoid
ACH-001670,-0.071299522,1,TASK1,Embryonal Tumor,out group,CNS/Brain
ACH-001673,-0.415612388,1,TFK1,Intraductal Papillary Neoplasm of the Bile Duct,out group,Biliary Tract
ACH-001674,-0.157361814,1,TGW,Neuroblastoma,out group,Peripheral Nervous System
ACH-001675,-0.688120437,1,TR146,Head and Neck Squamous Cell Carcinoma,out group,Head and Neck
ACH-001677,-0.18071725,1,U2904,Non-Hodgkin Lymphoma,out group,Lymphoid
ACH-001685,-0.231738597,1,UHO1,Hodgkin Lymphoma,out group,Lymphoid
ACH-001687,-0.093087776,1,UMRC3,Renal Cell Carcinoma,out group,Kidney
ACH-001688,0.008201222,1,UMRC7,Renal Cell Carcinoma,out group,Kidney
ACH-001690,-0.65501878,1,UPCISCC026,Head and Neck Squamous Cell Carcinoma,out group,Head and Neck
ACH-001692,-0.185745602,1,UPCISCC040,Head and Neck Squamous Cell Carcinoma,out group,Head and Neck
ACH-001694,-0.492372618,1,UPCISCC074,Head and Neck Squamous Cell Carcinoma,out group,Head and Neck
ACH-001696,-0.52358319,1,UPCISCC111,Head and Neck Squamous Cell Carcinoma,out group,Head and Neck
ACH-001698,-1.173661577,1,UPCISCC116,Head and Neck Squamous Cell Carcinoma,out group,Head and Neck
ACH-001699,-0.657399903,1,UPCISCC131,Head and Neck Squamous Cell Carcinoma,out group,Head and Neck
ACH-001701,-0.975899811,1,UPCISCC200,Head and Neck Squamous Cell Carcinoma,out group,Head and Neck
ACH-001702,-0.215890298,1,VAESBJ,Epithelioid Sarcoma,out group,Soft Tissue
ACH-001707,-0.138015555,1,WAOSEL,Non-Hodgkin Lymphoma,out group,Lymphoid
ACH-001709,-0.200525205,1,WSUNHL,Non-Hodgkin Lymphoma,out group,Lymphoid
ACH-001711,-0.024521169,1,PFSK1,Embryonal Tumor,out group,CNS/Brain
ACH-001715,-0.074146281,1,CAL72,Osteosarcoma,out group,Bone
ACH-001719,-0.158267488,1,OCIC4P,Ovarian Epithelial Tumor,out group,Ovary/Fallopian Tube
ACH-001735,-0.094648241,1,SEMK2,B-Lymphoblastic Leukemia/Lymphoma,out group,Lymphoid
ACH-001736,-0.123994544,1,HB1119,B-Lymphoblastic Leukemia/Lymphoma,out group,Lymphoid
ACH-001737,0.016321469,1,CTV1DM,Non-Hodgkin Lymphoma,out group,Lymphoid
ACH-001740,0.016147265,1,RH28,Rhabdomyosarcoma,out group,Soft Tissue
ACH-001745,-0.221892148,1,RHJT,Rhabdomyosarcoma,out group,Soft Tissue
ACH-001750,-0.173504377,1,TTC442,Rhabdomyosarcoma,out group,Soft Tissue
ACH-001765,-0.13453211,1,RH4,Rhabdomyosarcoma,out group,Soft Tissue
ACH-001786,-1.894752193,1,SNU1544,Colorectal Adenocarcinoma,in group,Bowel
ACH-001791,0.028264233,1,LPS6,Liposarcoma,out group,Soft Tissue
ACH-001793,-0.207571872,1,LPS27,Liposarcoma,out group,Soft Tissue
ACH-001794,-0.198153755,1,93T449,Liposarcoma,out group,Soft Tissue
ACH-001795,-0.184606897,1,94T778,Liposarcoma,out group,Soft Tissue
ACH-001796,-0.191499004,1,95T1000,Liposarcoma,out group,Soft Tissue
ACH-001799,-0.22132245,1,LPS141,Liposarcoma,out group,Soft Tissue
ACH-001802,-0.117653611,1,LPS853,Liposarcoma,out group,Soft Tissue
ACH-001804,0.00545698,1,LPS510,Liposarcoma,out group,Soft Tissue
ACH-001814,-0.079646027,1,OS252,Osteosarcoma,out group,Bone
ACH-001819,-0.250339139,1,MFM223,Invasive Breast Carcinoma,out group,Breast
ACH-001820,-0.065870869,1,COLO824,"Breast Neoplasm, NOS",out group,Breast
ACH-001834,-0.084334822,1,ICC10,Intraductal Papillary Neoplasm of the Bile Duct,out group,Biliary Tract
ACH-001835,-0.219700711,1,ICC106,Intraductal Papillary Neoplasm of the Bile Duct,out group,Biliary Tract
ACH-001836,-0.279419511,1,ICC108,Intraductal Papillary Neoplasm of the Bile Duct,out group,Biliary Tract
ACH-001838,-0.640428624,1,ICC12,Intraductal Papillary Neoplasm of the Bile Duct,out group,Biliary Tract
ACH-001839,-0.541163624,1,ICC137,Intraductal Papillary Neoplasm of the Bile Duct,out group,Biliary Tract
ACH-001841,-1.087842572,1,ICC15,Intraductal Papillary Neoplasm of the Bile Duct,out group,Biliary Tract
ACH-001842,-1.132746779,1,ICC2,Intraductal Papillary Neoplasm of the Bile Duct,out group,Biliary Tract
ACH-001843,-0.403400956,1,ICC3,Intraductal Papillary Neoplasm of the Bile Duct,out group,Biliary Tract
ACH-001844,-0.454924466,1,ICC4,Intraductal Papillary Neoplasm of the Bile Duct,out group,Biliary Tract
ACH-001848,-0.701537127,1,ICC8,Intraductal Papillary Neoplasm of the Bile Duct,out group,Biliary Tract
ACH-001849,-0.278069138,1,ICC9,Intraductal Papillary Neoplasm of the Bile Duct,out group,Biliary Tract
ACH-001850,0.395984851,1,G415,Intracholecystic Papillary Neoplasm,out group,Biliary Tract
ACH-001852,-0.746594029,1,HKGZCC,Intraductal Papillary Neoplasm of the Bile Duct,out group,Biliary Tract
ACH-001853,-0.69402373,1,KMCH1,Hepatocellular Carcinoma plus Intrahepatic Cholangiocarcinoma,out group,Liver
ACH-001856,-0.005381397,1,RBE,Intraductal Papillary Neoplasm of the Bile Duct,out group,Biliary Tract
ACH-001857,-0.339481369,1,SG231,Intraductal Papillary Neoplasm of the Bile Duct,out group,Biliary Tract
ACH-001858,-0.700654701,1,SSP25,Intraductal Papillary Neoplasm of the Bile Duct,out group,Biliary Tract
ACH-001861,-0.852954432,1,TGBC1TKB,Intracholecystic Papillary Neoplasm,out group,Biliary Tract
ACH-001862,-0.869058522,1,TGBC52TKB,Ampullary Carcinoma,out group,Ampulla of Vater
ACH-001863,-1.756479314,1,TKKK,Intraductal Papillary Neoplasm of the Bile Duct,out group,Biliary Tract
ACH-001864,-0.110979112,1,YSCCC,Intraductal Papillary Neoplasm of the Bile Duct,out group,Biliary Tract
ACH-001959,-0.212282654,1,CCLP1,Intraductal Papillary Neoplasm of the Bile Duct,out group,Biliary Tract
ACH-001960,-0.162451442,1,CCSW1,Intraductal Papillary Neoplasm of the Bile Duct,out group,Biliary Tract
ACH-001961,-0.438622759,1,GB2,Intracholecystic Papillary Neoplasm,out group,Biliary Tract
ACH-001970,-0.190133079,1,MM253,Melanoma,out group,Skin
ACH-001973,-0.454276142,1,MM485,Melanoma,out group,Skin
ACH-001977,0.046218402,1,NO36,Pleural Mesothelioma,out group,Pleura
ACH-001982,-0.133077844,1,NZM3,Melanoma,out group,Skin
ACH-001991,-0.410806702,1,NZOV9,Ovarian Epithelial Tumor,out group,Ovary/Fallopian Tube
ACH-001992,-0.097937772,1,ONE58,Pleural Mesothelioma,out group,Pleura
ACH-001993,-0.100768749,1,NALM16,B-Lymphoblastic Leukemia/Lymphoma,out group,Lymphoid
ACH-001997,0.066913425,1,ECC2,Intraductal Papillary Neoplasm of the Bile Duct,out group,Biliary Tract
ACH-001999,-0.961020253,1,9505BIK,Pancreatic Adenocarcinoma,out group,Pancreas
ACH-002001,0.09843386,1,A375SKINCJ1,Melanoma,out group,Skin
ACH-002002,-0.090529233,1,A375SKINCJ2,Melanoma,out group,Skin
ACH-002003,0.099814012,1,A375SKINCJ3,Melanoma,out group,Skin
ACH-002005,-0.173290627,1,SKMEL19,Melanoma,out group,Skin
ACH-002014,-0.114279229,1,MEL270,Ocular Melanoma,out group,Eye
ACH-002015,-0.057705544,1,MEL285,Ocular Melanoma,out group,Eye
ACH-002016,-0.304235053,1,MEL290,Ocular Melanoma,out group,Eye
ACH-002017,-0.078940207,1,OMM1,Ocular Melanoma,out group,Eye
ACH-002018,-0.150470343,1,OMM25,Ocular Melanoma,out group,Eye
ACH-002019,-0.81607463,1,HOKUG,Glassy Cell Carcinoma of the Cervix,out group,Cervix
ACH-002021,-0.919983495,1,T3M3,Gestational Trophoblastic Disease,out group,Uterus
ACH-002023,-1.029254909,1,TGBC18TKB,Ampullary Carcinoma,in group,Ampulla of Vater
ACH-002024,-0.316743702,1,ECC4,Colorectal Adenocarcinoma,in group,Bowel
ACH-002025,-1.963890019,1,TT1TKB,Colorectal Adenocarcinoma,in group,Bowel
ACH-002026,-0.155437785,1,HHUA,Endometrial Carcinoma,out group,Uterus
ACH-002027,-0.790254439,1,HOUAI,Endometrial Carcinoma,out group,Uterus
ACH-002029,-0.367958948,1,SAS,Head and Neck Squamous Cell Carcinoma,out group,Head and Neck
ACH-002039,-0.752544984,1,PK8,Pancreatic Adenocarcinoma,out group,Pancreas
ACH-002041,-0.221286182,1,HOTHC,Anaplastic Thyroid Cancer,out group,Thyroid
ACH-002042,-0.552746911,1,T3M5,Head and Neck Squamous Cell Carcinoma,out group,Head and Neck
ACH-002044,-0.216591933,1,HSQ89,Head and Neck Squamous Cell Carcinoma,out group,Head and Neck
ACH-002045,-0.852324828,1,HO1U1,Head and Neck Squamous Cell Carcinoma,out group,Head and Neck
ACH-002046,-0.158063051,1,HTMMT,Endometrial Carcinoma,out group,Uterus
ACH-002048,-0.049895616,1,RMSYM,Rhabdomyosarcoma,out group,Soft Tissue
ACH-002059,-0.097997185,1,P30OHK,B-Lymphoblastic Leukemia/Lymphoma,out group,Lymphoid
ACH-002061,-0.286128733,1,P2URK562,Myeloproliferative Neoplasms,out group,Myeloid
ACH-002062,-0.258659071,1,SLVL,Non-Hodgkin Lymphoma,out group,Lymphoid
ACH-002066,-0.068705484,1,HSSCH2,Nerve Sheath Tumor,out group,Peripheral Nervous System
ACH-002067,-0.152845765,1,NOS1,Osteosarcoma,out group,Bone
ACH-002069,-0.201254615,1,HSOS1,Osteosarcoma,out group,Bone
ACH-002080,-0.218636252,1,TN2,Neuroblastoma,out group,Peripheral Nervous System
ACH-002084,-0.165759494,1,MMAC,Melanoma,out group,Skin
ACH-002399,-0.389800258,1,21NT,Invasive Breast Carcinoma,out group,Breast
ACH-002446,-1.431833067,1,CCLFUPGI0005T,Esophagogastric Adenocarcinoma,out group,Esophagus/Stomach
ACH-002458,-0.025074985,1,HT144SKINFV1,Melanoma,out group,Skin
ACH-002459,-0.218682228,1,HT144SKINFV3,Melanoma,out group,Skin
ACH-002460,-0.142065683,1,HT144SKINFV2,Melanoma,out group,Skin
ACH-002461,-0.150085776,1,RVH421SKINFV1,Melanoma,out group,Skin
ACH-002462,-0.045868128,1,RPE1SS48,Non-Cancerous,out group,Eye
ACH-002463,-0.15303974,1,RPE1SS77,Non-Cancerous,out group,Eye
ACH-002464,-0.181601108,1,RPE1SS6,Non-Cancerous,out group,Eye
ACH-002465,-0.035653594,1,RPE1SS119,Non-Cancerous,out group,Eye
ACH-002467,0.081416626,1,RPE1SS51,Non-Cancerous,out group,Eye
ACH-002471,-0.268654695,1,PSS008,Osteosarcoma,out group,Bone
ACH-002508,-0.122357441,1,WM3211,Melanoma,out group,Skin
ACH-002510,0.108526644,1,M040416,Melanoma,out group,Skin
ACH-002511,-0.290256148,1,M140325,Melanoma,out group,Skin
ACH-002512,-0.188788899,1,MM160113,Melanoma,out group,Skin
ACH-002647,-1.137969553,1,CCC5,Intraductal Papillary Neoplasm of the Bile Duct,out group,Biliary Tract
ACH-002659,-0.911684272,1,JVE127,Colorectal Adenocarcinoma,in group,Bowel
ACH-002664,-0.517462862,1,JVE253,Colorectal Adenocarcinoma,in group,Bowel
ACH-002669,-0.186442936,1,KP363T,Colorectal Adenocarcinoma,in group,Bowel
ACH-002672,-0.433049993,1,MAPACHS77,Pancreatic Adenocarcinoma,out group,Pancreas
ACH-002680,-0.164338025,1,170MGBA,Diffuse Glioma,out group,CNS/Brain
ACH-002687,-0.125103849,1,WM3772F,Ocular Melanoma,out group,Eye
ACH-002693,-0.105444189,1,S462,Nerve Sheath Tumor,out group,Peripheral Nervous System
ACH-002710,0.002421042,1,MPNST724,Nerve Sheath Tumor,out group,Peripheral Nervous System
ACH-002785,-0.13527706,1,NCCLMS1C1,Leiomyosarcoma,out group,Soft Tissue
ACH-002800,-0.285629,1,NCCMPNST2C1,Nerve Sheath Tumor,out group,Peripheral Nervous System
ACH-002834,-0.164437367,1,PSS131R,Osteosarcoma,out group,Bone
ACH-002847,-0.150756739,1,YUHOIN0650,Melanoma,out group,Skin
ACH-002926,-0.019485499,1,UPMD1,Ocular Melanoma,out group,Eye
ACH-000001,-0.476772466,1,NIHOVCAR3,Ovarian Epithelial Tumor,out group,Ovary/Fallopian Tube
ACH-000023,-0.218057002,1,PATU8988T,Pancreatic Adenocarcinoma,out group,Pancreas
ACH-000094,-1.546536424,1,HPAFII,Pancreatic Adenocarcinoma,out group,Pancreas
ACH-000103,0.031022739,1,CAOV4,Ovarian Epithelial Tumor,out group,Ovary/Fallopian Tube
ACH-000124,-0.165357151,1,OCILY19,Non-Hodgkin Lymphoma,out group,Lymphoid
ACH-000139,-0.389490157,1,PANC0327,Pancreatic Adenocarcinoma,out group,Pancreas
ACH-000144,-1.357690903,1,RERFGC1B,Esophagogastric Adenocarcinoma,out group,Esophagus/Stomach
ACH-000149,-0.279568281,1,SKNSH,Neuroblastoma,out group,Peripheral Nervous System
ACH-000155,-1.124959388,1,SW1990,Pancreatic Adenocarcinoma,out group,Pancreas
ACH-000176,-0.310220169,1,LOUNH91,Non-Small Cell Lung Cancer,out group,Lung
ACH-000181,-0.068273439,1,SCC9,Head and Neck Squamous Cell Carcinoma,out group,Head and Neck
ACH-000192,-0.479408551,1,MFE280,Endometrial Carcinoma,out group,Uterus
ACH-000213,-0.429474741,1,HUPT4,Pancreatic Adenocarcinoma,out group,Pancreas
ACH-000249,-0.673278353,1,CL11,Colorectal Adenocarcinoma,in group,Bowel
ACH-000269,-0.040727623,1,AM38,Diffuse Glioma,out group,CNS/Brain
ACH-000271,-0.190989352,1,SUDHL10,Non-Hodgkin Lymphoma,out group,Lymphoid
ACH-000282,-0.108453663,1,NCIH1755,Non-Small Cell Lung Cancer,out group,Lung
ACH-000354,-0.537301482,1,CAPAN1,Pancreatic Adenocarcinoma,out group,Pancreas
ACH-000367,-0.03794067,1,NCIH226,Pleural Mesothelioma,out group,Pleura
ACH-000430,-0.191092191,1,TYKNU,Ovarian Epithelial Tumor,out group,Ovary/Fallopian Tube
ACH-000442,-0.383413763,1,RERFLCSQ1,Non-Small Cell Lung Cancer,out group,Lung
ACH-000501,-0.446730113,1,LS123,Colorectal Adenocarcinoma,in group,Bowel
ACH-000532,-1.480429682,1,SNU61,Colorectal Adenocarcinoma,in group,Bowel
ACH-000546,-0.13045619,1,HSC4,Head and Neck Squamous Cell Carcinoma,out group,Head and Neck
ACH-000554,-0.296981421,1,UACC893,Invasive Breast Carcinoma,out group,Breast
ACH-000558,-0.276865918,1,A172,Diffuse Glioma,out group,CNS/Brain
ACH-000561,-0.714412607,1,TDOTT,Esophageal Squamous Cell Carcinoma,out group,Esophagus/Stomach
ACH-000562,-0.644061585,1,HCC78,Non-Small Cell Lung Cancer,out group,Lung
ACH-000565,-1.350144866,1,RCM1,Colorectal Adenocarcinoma,in group,Bowel
ACH-000656,-0.106254329,1,SUDHL8,Non-Hodgkin Lymphoma,out group,Lymphoid
ACH-000660,-0.189361278,1,SUDHL5,Non-Hodgkin Lymphoma,out group,Lymphoid
ACH-000666,-0.386432431,1,NCIH1355,Non-Small Cell Lung Cancer,out group,Lung
ACH-000668,-0.376073447,1,HCC70,Invasive Breast Carcinoma,out group,Breast
ACH-000704,-0.697116421,1,OAW42,Ovarian Epithelial Tumor,out group,Ovary/Fallopian Tube
ACH-000717,-0.458076011,1,COLO680N,Esophageal Squamous Cell Carcinoma,out group,Esophagus/Stomach
ACH-000722,-1.742407877,1,SNUC1,Colorectal Adenocarcinoma,in group,Bowel
ACH-000863,-0.362713937,1,DBTRG05MG,Diffuse Glioma,out group,CNS/Brain
ACH-000864,-0.234325243,1,COLO684,Endometrial Carcinoma,out group,Uterus
ACH-000879,-0.024773921,1,MFE296,Endometrial Carcinoma,out group,Uterus
ACH-000894,-0.258117118,1,NCIH1869,Non-Small Cell Lung Cancer,out group,Lung
ACH-000919,-0.818956591,1,IM95,Esophagogastric Adenocarcinoma,out group,Esophagus/Stomach
ACH-000934,-0.359131774,1,MDAMB361,Invasive Breast Carcinoma,out group,Breast
ACH-000945,-0.077937903,1,NCIH650,Non-Small Cell Lung Cancer,out group,Lung
ACH-000956,-0.076771673,1,22RV1,Prostate Adenocarcinoma,out group,Prostate
ACH-000962,-0.279647376,1,OC314,Ovarian Epithelial Tumor,out group,Ovary/Fallopian Tube
ACH-000966,-0.824644037,1,IGROV1,Ovarian Epithelial Tumor,out group,Ovary/Fallopian Tube
ACH-000970,-0.376733493,1,SNUC5,Colorectal Adenocarcinoma,in group,Bowel
ACH-000971,-0.279503495,1,HCT116,Colorectal Adenocarcinoma,in group,Bowel
ACH-000979,-0.23060225,1,DU145,Prostate Adenocarcinoma,out group,Prostate
ACH-000985,-0.594875157,1,LS411N,Colorectal Adenocarcinoma,in group,Bowel
ACH-000991,-0.97485077,1,SNU81,Colorectal Adenocarcinoma,in group,Bowel
ACH-000997,-0.355847772,1,HCT15,Colorectal Adenocarcinoma,in group,Bowel
ACH-001016,-0.155328667,1,BECKER,Diffuse Glioma,out group,CNS/Brain
ACH-001039,-1.261593825,1,COLO205,Colorectal Adenocarcinoma,in group,Bowel
ACH-001063,-0.489863662,1,DOV13,Ovarian Epithelial Tumor,out group,Ovary/Fallopian Tube
ACH-001065,-0.710602371,1,EVSAT,Invasive Breast Carcinoma,out group,Breast
ACH-001081,-0.622426184,1,HCC2998,Colorectal Adenocarcinoma,in group,Bowel
ACH-001107,-0.292287942,1,KP1N,Pancreatic Adenocarcinoma,out group,Pancreas
ACH-001126,-0.114124375,1,MOGGUVW,Diffuse Glioma,out group,CNS/Brain
ACH-001137,-0.217510139,1,NCIH1993,Non-Small Cell Lung Cancer,out group,Lung
ACH-001233,-0.107666926,1,VMRCLCD,Non-Small Cell Lung Cancer,out group,Lung
ACH-001331,-0.173782688,1,BICR10,Head and Neck Squamous Cell Carcinoma,out group,Head and Neck
ACH-001332,-0.174163355,1,BICR78,Head and Neck Squamous Cell Carcinoma,out group,Head and Neck
ACH-001399,0.068742148,1,SW626,Colorectal Adenocarcinoma,in group,Bowel
ACH-001544,-0.823775463,1,KYAE1,Esophagogastric Adenocarcinoma,out group,Esophagus/Stomach
ACH-001603,-0.197611806,1,NH12,Neuroblastoma,out group,Peripheral Nervous System
ACH-001605,-0.222042594,1,NO10,Diffuse Glioma,out group,CNS/Brain
ACH-001606,-0.166430992,1,NO11,Diffuse Glioma,out group,CNS/Brain
ACH-001625,-0.485644748,1,OSC19,Head and Neck Squamous Cell Carcinoma,out group,Head and Neck
ACH-001626,-0.409030232,1,OSC20,Head and Neck Squamous Cell Carcinoma,out group,Head and Neck
ACH-001632,-0.652060152,1,PEO4,Ovarian Epithelial Tumor,out group,Ovary/Fallopian Tube
ACH-001639,-0.134164063,1,ROS50,Non-Hodgkin Lymphoma,out group,Lymphoid
ACH-002043,-0.288069323,1,CA922,Head and Neck Squamous Cell Carcinoma,out group,Head and Neck
ACH-002083,-0.320953685,1,NB69,Neuroblastoma,out group,Peripheral Nervous System
ACH-002105,-0.19679706,1,ES4,Ewing Sarcoma,out group,Bone
ACH-002106,-0.163808058,1,ES5,Ewing Sarcoma,out group,Bone
ACH-002109,-0.151236621,1,ES8,Ewing Sarcoma,out group,Bone
ACH-002110,0.012235648,1,EW1,Ewing Sarcoma,out group,Bone
ACH-002114,-0.164218479,1,EW16,Ewing Sarcoma,out group,Bone
ACH-002116,-0.047674622,1,EW22,Ewing Sarcoma,out group,Bone
ACH-002119,-0.127191201,1,EW7,Ewing Sarcoma,out group,Bone
ACH-002140,-0.359073876,1,HEY,Ovarian Epithelial Tumor,out group,Ovary/Fallopian Tube
ACH-002141,0.047586199,1,HSC39,Esophagogastric Adenocarcinoma,out group,Esophagus/Stomach
ACH-002143,-0.18869027,1,ISTMEL1,Melanoma,out group,Skin
ACH-002150,-0.636444496,1,LB1047RCC,Renal Cell Carcinoma,out group,Kidney
ACH-002156,-0.023402779,1,LC1SQ,Non-Small Cell Lung Cancer,out group,Lung
ACH-002160,-0.018546359,1,MCIXC,Ewing Sarcoma,out group,Bone
ACH-002161,-0.392262784,1,MKN28,Esophagogastric Adenocarcinoma,out group,Esophagus/Stomach
ACH-002179,-0.280234515,1,OCUBM,Invasive Breast Carcinoma,out group,Breast
ACH-002181,-1.058095992,1,OVCA420,Ovarian Epithelial Tumor,out group,Ovary/Fallopian Tube
ACH-002183,-0.993117077,1,OVMIU,Ovarian Epithelial Tumor,out group,Ovary/Fallopian Tube
ACH-002186,-0.906329625,1,PL4,Pancreatic Adenocarcinoma,out group,Pancreas
ACH-002189,-0.239092062,1,RCCFG2,Renal Cell Carcinoma,out group,Kidney
ACH-002198,-0.387932869,1,SCH,Extra Gonadal Germ Cell Tumor,out group,Other
ACH-002202,-0.648588597,1,TMK1,Esophagogastric Adenocarcinoma,out group,Esophagus/Stomach
ACH-002210,-0.070945874,1,ARH77,Non-Cancerous,out group,Myeloid
ACH-002212,-0.641148159,1,BB30HNC,Head and Neck Squamous Cell Carcinoma,out group,Head and Neck
ACH-002217,-0.160629592,1,BE2M17,Neuroblastoma,out group,Peripheral Nervous System
ACH-002228,-0.415113748,1,D423MG,Diffuse Glioma,out group,CNS/Brain
ACH-002229,-0.145772145,1,D502MG,Diffuse Glioma,out group,CNS/Brain
ACH-002230,-0.125900802,1,D542MG,Diffuse Glioma,out group,CNS/Brain
ACH-002233,-2.26716846,1,DIFI,Colorectal Adenocarcinoma,in group,Bowel
ACH-002234,-0.988336109,1,DOK,"Head and Neck Carcinoma, Other",out group,Head and Neck
ACH-002239,-0.640163023,1,H3118,Salivary Carcinoma,out group,Head and Neck
ACH-002243,-0.117646219,1,HCE4,Esophageal Squamous Cell Carcinoma,out group,Esophagus/Stomach
ACH-002247,-0.408576759,1,IM9,Non-Cancerous,out group,Myeloid
ACH-002249,-0.224631385,1,JHU011,Head and Neck Squamous Cell Carcinoma,out group,Head and Neck
ACH-002250,-0.673352895,1,JHU022,Head and Neck Squamous Cell Carcinoma,out group,Head and Neck
ACH-002251,-0.49632684,1,JHU029,Head and Neck Squamous Cell Carcinoma,out group,Head and Neck
ACH-002257,-0.445529955,1,KINGS1,Diffuse Glioma,out group,CNS/Brain
ACH-002261,-0.239479172,1,KPNYS,Neuroblastoma,out group,Peripheral Nervous System
ACH-002263,-0.379213875,1,KYSE220,Esophageal Squamous Cell Carcinoma,out group,Esophagus/Stomach
ACH-002265,-0.652407389,1,LB771HNC,Head and Neck Squamous Cell Carcinoma,out group,Head and Neck
ACH-002269,-0.22281313,1,LNZTA3WT4,Diffuse Glioma,out group,CNS/Brain
ACH-002278,-0.273252944,1,NB10,Neuroblastoma,out group,Peripheral Nervous System
ACH-002280,-0.08563214,1,NB13,Neuroblastoma,out group,Peripheral Nervous System
ACH-002282,-0.138300486,1,NB17,Neuroblastoma,out group,Peripheral Nervous System
ACH-002283,-0.150976162,1,NB5,Neuroblastoma,out group,Peripheral Nervous System
ACH-002284,0.030971544,1,NB6,Neuroblastoma,out group,Peripheral Nervous System
ACH-002285,-0.212985828,1,NB7,Neuroblastoma,out group,Peripheral Nervous System
ACH-002294,-0.417729244,1,PCI15A,Head and Neck Squamous Cell Carcinoma,out group,Head and Neck
ACH-002295,-0.206218913,1,PCI30,Head and Neck Squamous Cell Carcinoma,out group,Head and Neck
ACH-002296,-0.496906265,1,PCI38,Head and Neck Squamous Cell Carcinoma,out group,Head and Neck
ACH-002297,-0.377890416,1,PCI4B,Head and Neck Squamous Cell Carcinoma,out group,Head and Neck
ACH-002298,-0.459950261,1,PCI6A,Head and Neck Squamous Cell Carcinoma,out group,Head and Neck
ACH-002304,-0.301939566,1,SKMG1,Diffuse Glioma,out group,CNS/Brain
ACH-002305,-0.586959888,1,SKN3,Head and Neck Squamous Cell Carcinoma,out group,Head and Neck
